Paper_ID,DOI,Title,TR_HardwareAwareness,Decision,Evidence_Page,Evidence_Section,Evidence_Reason,Evidence_Document,Evidence_Source,Rubric_Version
1,10.1016/j.patrec.2019.11.019,Active deep neural network features selection for segmentation and recognition of brain tumors using MRI images,0,No,5,Implementation,"The article mentions computational hardware or execution, but not explicit minimum inference hardware requirements; the official criterion is No.",1. Active deep neural network features selection(2).pdf,Article text supplied for verification,LMIC_and_TR_Score_Definitions_2026-08-15
2,10.1016/j.patcog.2024.110553,Brain tumor segmentation in MRI with multi-modality spatial information enhancement and boundary shape correction,0,No,7,§4.1 Experiment preparation,Only training hardware is reported; per protocol this does not qualify as Hardware Awareness.,2. Brain tumor segmentation in MRI with multi-modality spatial(2).pdf,Article text supplied for verification,LMIC_and_TR_Score_Definitions_2026-08-15
3,10.1016/j.mri.2020.10.003,Deep-learning approach with convolutional neural network for classification of maximum intensity projections of dynamic contrast-enhanced breast magnetic resonance imaging,0,No,2,§2.4,"The article mentions computational hardware or execution, but not explicit minimum inference hardware requirements; the official criterion is No.",3. Deep learning approach with CNN(2).pdf,Article text supplied for verification,LMIC_and_TR_Score_Definitions_2026-08-15
4,10.1016/j.mri.2021.10.038,Improvement of peripheral nerve visualization using a deep learning-based MR reconstruction algorithm,0,No,Not available,Missing full Methods,"Inference/deployment hardware cannot be verified from the partial export. Under the official rule, absence of explicit qualifying evidence is scored No.",4. Improvement of peripheral nerve visualization using a deep learning-based MR reconstruction algorithm - ScienceDirect(2).pdf,Article text supplied for verification,LMIC_and_TR_Score_Definitions_2026-08-15
5,10.1016/j.bspc.2024.106117,Enhancement of brain tumor classification from MRI images using multi-path convolutional neural network with SVM classifier,0,No,6,Results section snippet,"The article mentions computational hardware or execution, but not explicit minimum inference hardware requirements; the official criterion is No.",5. Enhancement of brain tumor classification from MRI images using multi-path convolutional neural network with SVM classifier - ScienceDirect(2).pdf,Article text supplied for verification,LMIC_and_TR_Score_Definitions_2026-08-15
6,10.1016/j.compeleceng.2022.108105,A deep learning approach for brain tumor classification using MRI images,0,No,Not available,Full Methods inaccessible,"No inference/deployment hardware requirement is accessible. Under the official rule, absence of explicit qualifying evidence is scored No.",6. A deep learning approach for brain tumor classification using MRI images - ScienceDirect(2).pdf,Article text supplied for verification,LMIC_and_TR_Score_Definitions_2026-08-15
7,10.1016/j.compmedimag.2021.102014,Automatic deep learning-based myocardial infarction segmentation from delayed enhancement MRI,0,No,Not available,Full Methods inaccessible,"Inference/deployment hardware cannot be verified. Under the official rule, absence of explicit qualifying evidence is scored No.",7. Automatic deep learning-based myocardial infarction segmentation from delayed enhancement MRI - ScienceDirect(2).pdf,Article text supplied for verification,LMIC_and_TR_Score_Definitions_2026-08-15
8,10.1016/j.media.2022.102428,Deep learning methods for automatic evaluation of delayed enhancement-MRI. The results of the EMIDEC challenge,0,No,Not available,Team-specific Methods inaccessible,"Inference/deployment hardware cannot be verified. Under the official rule, absence of explicit qualifying evidence is scored No.",8. Deep learning methods for automatic evaluation of delayed enhancement-MRI. The results of the EMIDEC challenge - ScienceDirect(2).pdf,Article text supplied for verification,LMIC_and_TR_Score_Definitions_2026-08-15
9,10.1016/j.diii.2022.06.006,Deep learning-based super-resolution gradient echo imaging of the pancreas: Improvement of image quality and reduction of acquisition time,0,No,Not reported,Full text review,"No explicit inference/deployment device or model-size requirement is reported. Under the official rule, absence of explicit qualifying evidence is scored No.",9. Deep learning-based super-resolution gradient echo imaging of the pancreas Improvement of image quality and reduction of acquisition t(2).pdf,Article text supplied for verification,LMIC_and_TR_Score_Definitions_2026-08-15
10,10.1016/j.cmpb.2020.105729,Super-resolution and denoising of 4D-Flow MRI using physics-Informed deep neural nets,0,No,Not available,Full Methods inaccessible,"Inference/deployment hardware cannot be verified. Under the official rule, absence of explicit qualifying evidence is scored No.",10. Super-resolution and denoising of 4D-Flow MRI using physics-Informed deep neural nets - ScienceDirect(2).pdf,Article text supplied for verification,LMIC_and_TR_Score_Definitions_2026-08-15
11,10.1101/2023.12.28.23300409,Multi-contrast high-field quality image synthesis for portable low-field MRI using generative adversarial networks and paired data,0,No,Not reported,Full text review,"No explicit inference/deployment device, RAM requirement, model size, or device-tied inference time is reported. Under the official rule, absence of explicit qualifying evidence is scored No.",11. Multi contrast highfield qualityimage synthesis(2).pdf,Article text supplied for verification,LMIC_and_TR_Score_Definitions_2026-08-15
12,10.1016/j.bspc.2023.104901,Super-resolution of brain MRI images based on denoising diffusion probabilistic model,0,No,3,Implementation,The only explicit device context is the experimental/training workstation; no inference/deployment requirement is stated.,12. Super resolution of brain MRI images(2).pdf,Article text supplied for verification,LMIC_and_TR_Score_Definitions_2026-08-15
13,10.1016/j.artmed.2021.102196,Fine-tuning deep learning model parameters for improved super-resolution of dynamic MRI with prior-knowledge,0,No,"4,7",§2.3; Results,"The article reports an execution setup, runtime, memory use, or scanner implementation, but it does not explicitly specify minimum hardware requirements for inference; the official criterion is No.",13. Fine tuning deep learning parameters(2).pdf,Article text supplied for verification,LMIC_and_TR_Score_Definitions_2026-08-15
14,10.1016/j.cmpb.2024.108110,3D-MRI super-resolution reconstruction using multi-modality based on multi-resolution CNN,0,No,6,Network parameter setting,"The accessible hardware statement describes experiment/training environment, not inference/deployment requirements.",14. 3D-MRI super-resolution reconstruction using multi-modality based on multi-resolution CNN - ScienceDirect(2).pdf,Article text supplied for verification,LMIC_and_TR_Score_Definitions_2026-08-15
15,10.1016/j.cmpb.2019.105059,Super-resolution reconstruction of knee magnetic resonance imaging based on deep learning,0,No,"2,6",Results; Experimental settings,"The article reports an execution setup, runtime, memory use, or scanner implementation, but it does not explicitly specify minimum hardware requirements for inference; the official criterion is No.",15. Super-resolution reconstruction of knee magnetic resonance imaging based on deep learning - ScienceDirect(2).pdf,Article text supplied for verification,LMIC_and_TR_Score_Definitions_2026-08-15
16,10.1007/s00330-024-11145-0,Deep learning super-resolution reconstruction for fast and high-quality cine cardiovascular magnetic resonance,0,No,3,SR reconstruction,"The article reports an execution setup, runtime, memory use, or scanner implementation, but it does not explicitly specify minimum hardware requirements for inference; the official criterion is No.",16. Deep learning super-resolution reconstruction for fast and high-quality cine cardiovascular magnetic resonance - Copy(2).pdf,Article text supplied for verification,LMIC_and_TR_Score_Definitions_2026-08-15
17,10.1109/ICREST51555.2021.9331123,Convolutional Neural Network-based Enhancement Method of 3D MRI,0,No,3,Experiments,"The article reports an execution setup, runtime, memory use, or scanner implementation, but it does not explicitly specify minimum hardware requirements for inference; the official criterion is No.",17. Convolutional_Neural_Network-based_Enhancement_Method_of_3D_MRI(2).pdf,Article text supplied for verification,LMIC_and_TR_Score_Definitions_2026-08-15
18,10.1016/j.media.2023.102831,"Cerebrovascular super-resolution 4D Flow MRI - Sequential combination of resolution enhancement by deep learning and physics-informed image processing to non-invasively quantify intracranial velocity, flow, and relative pressure",0,No,3-4,Training setup,Resource text concerns training memory/batch setup; no inference/deployment hardware requirement is reported.,18. Cerebralvascular super resolution 4D flow MRI sequential recombination(2).pdf,Article text supplied for verification,LMIC_and_TR_Score_Definitions_2026-08-15
19,10.1109/ICAECT57570.2023.10117880,Deep Learning based Early Detection of Alzheimer’s Disease using Image Enhancement Filters,0,No,2,Methods overview,"General computational/deployment statements are given without explicit device, memory, model-size, or device-tied inference requirements.",19. Deep_Learning_based_Early_Detection_of_Alzheimers_Disease_using_Image_Enhancement_Filters(2).pdf,Article text supplied for verification,LMIC_and_TR_Score_Definitions_2026-08-15
20,10.1109/IST50367.2021.9651441,Deep Learning-based Method for Denoising and Image Enhancement in Low-Field MRI,0,No,Not reported,Full text review,"No inference/deployment CPU, GPU, memory, model-size, or device-tied execution requirement is reported; general low-field affordability does not qualify.",20. Deep_Learningbased_Method_for_Denoising_and_Image_Enhancement_in_Low-Field_MRI.pdf,Article text supplied for verification,LMIC_and_TR_Score_Definitions_2026-08-15
21,10.1109/TCBB.2022.3168189,Deep Transfer Learning-Based Multi-Modal Digital Twins for Enhancement and Diagnostic Analysis of Brain MRI Image,0,No,9,Experimental environment,"The article mentions computational hardware or execution, but not explicit minimum inference hardware requirements; the official criterion is No.",21. Deep_Transfer_Learning-Based_Multi-Modal_Digital_Twins_for_Enhancement_and_Diagnostic_Analysis_of_Brain_MRI_Image.pdf,Article text supplied for verification,LMIC_and_TR_Score_Definitions_2026-08-15
22,10.1109/INOCON57975.2023.10100995,Digital Image Enhancement using Conventional Neural Network,0,No,Not reported,Full text review,"No inference/deployment resource requirement is reported. Under the official rule, absence of explicit qualifying evidence is scored No.",22. Digital_Image_Enhancement_using_Conventional_Neural_Network.pdf,Article text supplied for verification,LMIC_and_TR_Score_Definitions_2026-08-15
24,10.1016/j.mri.2024.04.021,MRI super-resolution using similarity distance and multi-scale receptive field based feature fusion GAN and pre-trained slice interpolation network,0,No,2,Abstract,The paper discusses computational/memory efficiency but does not report deployment/inference hardware requirements.,23. MRI super-resolution using similarity distance and multi-scale receptive field based feature fusion GAN and pre-trained slice.pdf,Article text supplied for verification,LMIC_and_TR_Score_Definitions_2026-08-15
25,10.1002/mrm.29642,Pushing the limits of low-cost ultra-low-field MRI by dual-acquisition deep learning 3D superresolution,0,No,5,Implementation,"The article mentions computational hardware or execution, but not explicit minimum inference hardware requirements; the official criterion is No.",24. Pushing the limits of low‐cost ultra‐low‐field MRI by dual‐acquisition deep.pdf,Article text supplied for verification,LMIC_and_TR_Score_Definitions_2026-08-15
26,10.1109/TBME.2024.3396223,Joint B0B0​ and Image Reconstruction in Low-Field MRI by Physics-Informed Deep-Learning,0,No,1-12,Implementation review,No inference/deployment hardware requirement is reported; training hardware alone is excluded.,25. Joint B0 and Image Reconstruction in Low-Field.pdf,Article text supplied for verification,LMIC_and_TR_Score_Definitions_2026-08-15
27,10.1109/TMI.2020.2974858,Multi-Contrast Super-Resolution MRI Through a Progressive Network,0,No,1-12,Implementation review,No inference/deployment resource requirement is reported; training hardware does not qualify.,26. Multi-Contrast_Super-Resolution_MRI_Through_a_Progressive_Network.pdf,Article text supplied for verification,LMIC_and_TR_Score_Definitions_2026-08-15
28,10.1016/j.compmedimag.2021.101969,FA-GAN: Fused attentive generative adversarial networks for MRI image super-resolution,0,No,6,Experimental setup,This is experiment/training hardware and is not an inference/deployment requirement.,27. FA-GAN Fused attentive generative adversarial networks for MRI.pdf,Article text supplied for verification,LMIC_and_TR_Score_Definitions_2026-08-15
30,10.1016/j.bspc.2023.105710,Deep learning myocardial infarction segmentation framework from cardiac magnetic resonance images,0,No,1,Highlights,"The article mentions computational hardware or execution, but not explicit minimum inference hardware requirements; the official criterion is No.",28. Deep learning myocardial infarction segmentation framework from cardiac magnetic resonance images - ScienceDirect.pdf,Article text supplied for verification,LMIC_and_TR_Score_Definitions_2026-08-15
31,10.23919/EUSIPCO54536.2021.9615963,ShuffleUNet: Super resolution of diffusion-weighted MRIs using deep learning,0,No,2,Implementation,"An Nvidia V100 is reported for training, but minimum hardware requirements for inference are not specified.",arXiv:2102.12898 (correct ShuffleUNet article),"Author manuscript retrieved from arXiv and matched by title, authors, and DOI",LMIC_and_TR_Score_Definitions_2026-08-15
32,10.1016/j.mri.2020.09.018,Transfer learning in deep neural network based under-sampled MR image reconstruction,0,No,3,Implementation,The cited GPU/RAM environment is for training/experimentation; no inference/deployment requirement is reported.,30. Transfer learning in deep neural network based under-sampled MR image reconstruction.pdf,Article text supplied for verification,LMIC_and_TR_Score_Definitions_2026-08-15
34,10.7759/cureus.71277,Enhancement of Image Quality in Low-Field Knee MR Imaging Using Deep Learning,0,No,Not reported,Full text review,"No qualifying inference/deployment hardware requirement is reported. Under the official rule, absence of explicit qualifying evidence is scored No.",31. Enhancement of Image Quality in Low-Field Knee MR Imaging Using Deep Learning.pdf,Article text supplied for verification,LMIC_and_TR_Score_Definitions_2026-08-15
35,10.1148/radiol.233529,Multisequence 3-T Image Synthesis from 64-mT Low-Field-Strength MRI Using Generative Adversarial Networks in Multiple Sclerosis,0,No,5,Implementation,"The article reports an execution setup, runtime, memory use, or scanner implementation, but it does not explicitly specify minimum hardware requirements for inference; the official criterion is No.",32. Multisequence 3-T Image Synthesis from 64-mT Low-Field-Strength MRI Using.pdf,Article text supplied for verification,LMIC_and_TR_Score_Definitions_2026-08-15
36,10.1007/s00234-024-03448-2,Evaluation of epilepsy lesion visualisation enhancement in low-field MRI using image quality transfer: a preliminary investigation of clinical potential for applications in developing countries,0,No,Not reported,Full text review,"No qualifying inference/deployment hardware requirement is reported. Under the official rule, absence of explicit qualifying evidence is scored No.",33. Evaluation of epilepsy lesion visualisation.pdf,Article text supplied for verification,LMIC_and_TR_Score_Definitions_2026-08-15
37,10.1038/s41598-022-10298-6,Deep learning-based single image super-resolution for low-field MR brain images,0,No,8,Training details,Only training hardware/time is reported; it does not qualify as inference/deployment hardware awareness.,34. Deep learning‑based single image super‑resolution for low‑field MR brain images.pdf,Article text supplied for verification,LMIC_and_TR_Score_Definitions_2026-08-15
38,10.1038/s41598-022-14039-7,Deep learning for fast low-field MRI acquisitions,0,No,3-4,Implementation,Reported GPU is used for model training/experimentation; no inference/deployment requirement is provided.,35. Deep learning for fast low field MRI acquisitions.pdf,Article text supplied for verification,LMIC_and_TR_Score_Definitions_2026-08-15
39,10.1148/radiol.230427,Deep Learning Super-Resolution Reconstruction for Fast and Motion-Robust T2-weighted Prostate MRI,0,No,9,Limitations,"The article reports an execution setup, runtime, memory use, or scanner implementation, but it does not explicitly specify minimum hardware requirements for inference; the official criterion is No.",36. Deep-learning-super-resolution-reconstruction-for-fast-and-motion-robust-t2-weighted-prostate-mri.pdf,Article text supplied for verification,LMIC_and_TR_Score_Definitions_2026-08-15
40,10.3389/fneur.2024.1330203,Super resolution using sparse sampling at portable ultra-low field MR,0,No,1,Abstract,"The article reports an execution setup, runtime, memory use, or scanner implementation, but it does not explicitly specify minimum hardware requirements for inference; the official criterion is No.",37. Super resolution using sparse sampling at portable ultra-low field MR.pdf,Article text supplied for verification,LMIC_and_TR_Score_Definitions_2026-08-15
41,10.3389/fneur.2024.1339223,Bridging the gap: improving correspondence between low-field and high-field magnetic resonance images in young people,0,No,Not reported,Full text review,"No inference/deployment hardware or resource requirement is reported. Under the official rule, absence of explicit qualifying evidence is scored No.",38. Bridging the gap improving correspondence between low-field and high-field magnetic resonance images in young people.pdf,Article text supplied for verification,LMIC_and_TR_Score_Definitions_2026-08-15
42,10.1109/TCI.2020.2964201,MRI Super-Resolution With Ensemble Learning and Complementary Priors,0,No,4,Experimental Implementation,"The GPU is reported for the experiment/training process. No inference/deployment hardware requirement, model-size requirement, or device-tied inference time is reported; training hardware alone does not qualify.",39. MRI_Super-Resolution_With_Ensemble_Learning_and_Complementary_Priors.pdf,Article text supplied for verification,LMIC_and_TR_Score_Definitions_2026-08-15
43,10.3389/frai.2022.928181,SRflow: Deep learning based super-resolution of 4D-flow MRI data,0,No,12-13,Table 5; runtime paragraph,"The article reports an execution setup, runtime, memory use, or scanner implementation, but it does not explicitly specify minimum hardware requirements for inference; the official criterion is No.",40. SRflow Deep learning based super-resolution of 4D-flow MRI data.pdf,Article text supplied for verification,LMIC_and_TR_Score_Definitions_2026-08-15
44,10.1109/TMI.2020.3037187,SMORE: A Self-Supervised Anti-Aliasing and Super-Resolution Algorithm for MRI Using Deep Learning,0,No,10-11,§III-D Time Cost,The K80 is explicitly tied to training. Testing time is reported separately without a specified inference device; training hardware alone must not be counted.,41. SMORE_A_Self-Supervised_Anti-Aliasing_and_Super-Resolution_Algorithm_for_MRI_Using_Deep_Learning.pdf,Article text supplied for verification,LMIC_and_TR_Score_Definitions_2026-08-15
45,10.1109/ICMIPE53131.2021.9698880,SMIR: A Transformer-Based Model for MRI super-resolution reconstruction,0,No,3,§III-A Training and Evaluation,"This is the experimental/training machine. No minimum inference/deployment hardware, model size requirement, or device-tied inference time is reported.",42. SMIR_A_Transformer-Based_Model_for_MRI_super-resolution_reconstruction.pdf,Article text supplied for verification,LMIC_and_TR_Score_Definitions_2026-08-15
46,10.1109/JTEHM.2021.3076152,Autoencoder-Inspired Convolutional Network-Based Super-Resolution Method in MRI,0,No,"1,6,10-11",Abstract; experimental computer setup; Table 6,"The article reports an execution setup, runtime, memory use, or scanner implementation, but it does not explicitly specify minimum hardware requirements for inference; the official criterion is No.",43. Autoencoder-Inspired_Convolutional_Network-Based_Super-Resolution_Method_in_MRI.pdf,Article text supplied for verification,LMIC_and_TR_Score_Definitions_2026-08-15
47,10.1016/j.bspc.2022.104395,A mass correlation based deep learning approach using deep Convolutional neural network to classify the brain tumor,0,No,4-5,Partial Results/implementation,"Implementation details are incomplete in the supplied print, so inference/deployment hardware requirements cannot be assessed. Under the official rule, absence of explicit qualifying evidence is scored No.",44. A mass correlation based deep learning approach using deep Convolutional neural network to classify the brain tumor - ScienceDirect.pdf,Article text supplied for verification,LMIC_and_TR_Score_Definitions_2026-08-15
48,10.1109/ICSCNA58489.2023.10370139,Accuracy Enhancement in Detecting Pituitary Tumors using Deep Learning,0,No,4-5,Model/Conclusion,"The paper gives a general resource-limited suitability claim but does not report inference/deployment CPU/GPU/RAM requirements, model size, or device-tied inference time. This does not meet the strict criterion.",45. Accuracy_Enhancement_in_Detecting_Pituitary_Tumors_Using_Deep_Learning.pdf,Article text supplied for verification,LMIC_and_TR_Score_Definitions_2026-08-15
49,10.1016/j.measurement.2020.108838,A deep convolutional neural network based computer aided diagnosis system for the prediction of Alzheimer's disease in MRI images,0,No,9,Results/Fig. 7,"Execution/classification delay is plotted, but no inference device or deployment hardware requirement is reported; therefore the strict criterion is not met.",46. A deep convolutional neural network based computer aided diagnosis system for the prediction of Alzheimer’s disease in MRI images.pdf,Article text supplied for verification,LMIC_and_TR_Score_Definitions_2026-08-15
50,10.18280/ts.400329,A Novel Deep Learning Approach for Brain Tumors Classification Using MRI Images,0,No,"3,5",Model description; §4.2,"The paper discusses lightweight/mobile deployment and reports the training machine, but gives no inference/deployment hardware requirement, model size in memory, or device-tied inference time. Training hardware cannot qualify.",47. A Novel Deep Learning Approach for Brain Tumors Classification Using MRI Images.pdf,Article text supplied for verification,LMIC_and_TR_Score_Definitions_2026-08-15
51,10.1016/j.cmpb.2019.105150,Automatic myocardial segmentation in dynamic contrast enhanced perfusion MRI using Monte Carlo dropout in an encoder-decoder convolutional neural network,0,No,1-9,Partial implementation details,"The supplied partial PDF omits the implementation/hardware details required to evaluate deployment/inference hardware awareness. Under the official rule, absence of explicit qualifying evidence is scored No.",48. Automatic myocardial segmentation in dynamic contrast enhanced perfusion MRI using Monte Carlo.PDF,Article text supplied for verification,LMIC_and_TR_Score_Definitions_2026-08-15
