Paper_ID,Title,Dataset_Name,Dataset_Public_Availability,Dataset_Real_Simulated,Dataset_Size,Train_Validation_Test_Split,Input_Resolution,Target_Resolution,Input_Field_Strength,Target_Field_Strength,Field_Pathway,MRI_Sequence,MRI_Contrast,Paired_Unpaired,Ground_Truth_Type,Ground_Truth_Source,Low_Field_Data_Provenance,Evidence_Page,Evidence_Section,Evidence_Summary,Dataset_Evidence_Status,Evidence_Source,DOI
1,Active deep neural network features selection for segmentation and recognition of brain tumors using MRI images,"BraTS 2013, BraTS 2015, BraTS 2017, BraTS 2018",Public,Real,BraTS2013: 30 cases; BraTS2015: 274; BraTS2017: 431; BraTS2018: 476,Dataset-specific train/test splits reported; classification additionally used 70:30 and 10-fold cross-validation,256 × 256 processed 2D images for the segmentation pipeline; original voxel resolution not reported,Not applicable,Not reported,Not applicable,not reported,"T1, T1ce, T2, FLAIR",T1-weighted; contrast-enhanced T1; T2-weighted; FLAIR,Not applicable,Clinical annotation,BraTS ground-truth tumor labels,Neither real low-field nor low-field simulation reported,5 | 1 | 3 | 5,"§4.1 Dataset description, Table 2 | Introduction | Segmentation method | §4.1",Dataset: Real; availability: Public; pairing: Not applicable; ground truth: Clinical annotation.,Full text,Full-text article or supplied publisher text,10.1016/j.patrec.2019.11.019
2,Brain tumor segmentation in MRI with multi-modality spatial information enhancement and boundary shape correction,"BraTS2017, BraTS2018, BraTS2019",Public,Real,Training: 285 / 285 / 335 labeled cases; test: 46 / 66 / 125 unlabeled cases (2017/2018/2019),Official BraTS training/test partitions as reported,Original 155 × 240 × 240; training crop 128 × 128 × 128; testing padded to 160 × 240 × 240,Same voxel grid segmentation mask,Not reported,Not applicable,not reported,"T1, T2, FLAIR, T1-C/T1ce",T1-weighted; T2-weighted; FLAIR; contrast-enhanced T1,Not applicable,Clinical annotation,BraTS segmentation labels provided by domain experts,Neither real low-field nor low-field simulation reported,7 | 7 | 7 | 2,§4.2 Datasets | §4.3 Implementation details | §4.2 Datasets | Fig. 1 caption,Dataset: Real; availability: Public; pairing: Not applicable; ground truth: Clinical annotation.,Full text,Full-text article or supplied publisher text,10.1016/j.patcog.2024.110553
3,Deep-learning approach with convolutional neural network for classification of maximum intensity projections of dynamic contrast-enhanced breast magnetic resonance imaging,Single-institution DCE breast MRI cohort,Private,Real,358 images/cases: 286 training/validation and 72 independent test,Patients randomly divided 4:1; training/validation set split 9:1 per epoch; independent test set,"512 × 512-pixel craniocaudal MIP; source sequence 512 × 512 matrix, 2-mm sections",Not applicable,3.0 T,Not applicable,standard/high-field only,Bilateral axial fat-suppressed T1-weighted DCE MRI; early-phase MIP,Gadobutrol-enhanced T1-weighted,Not applicable,Clinical annotation,Pathology or >1-year follow-up diagnosis (normal/benign/malignant),Real high-field clinical data only; no low-field simulation,2 | 2 | 2,§2.2 Magnetic resonance imaging | §2.3 Data set | §2.1 Patients,Dataset: Real; availability: Private; pairing: Not applicable; ground truth: Clinical annotation.,Full text,Full-text article or supplied publisher text,10.1016/j.mri.2020.10.003
4,Improvement of peripheral nerve visualization using a deep learning-based MR reconstruction algorithm,Prospective peripheral-nerve MR neurography cohort,Private,Real,29 patients; 60 peripheral nerves,Not applicable,Not available,Not available,Not available,Not available,unclear,Axial 2D intermediate-weighted FSE (visible section snippet); full acquisition parameters not available,Intermediate-weighted,Paired by construction,Measured same-subject reference,Conventional standard-of-care reconstruction used as same-acquisition comparator; not a true gold standard,Not available,2 | 5 | 4,Abstract | Data availability | Section snippet: Study design/results,Dataset: Real; availability: Private; pairing: Paired by construction; ground truth: Measured same-subject reference.,Partial text,Full-text article or supplied publisher text,10.1016/j.mri.2021.10.038
5,Enhancement of brain tumor classification from MRI images using multi-path convolutional neural network with SVM classifier,Two brain MRI classification datasets (names not available in supplied PDF extract),Not available,Not available,Not available,10-fold cross-validation,Not available,Not applicable,Not available,Not applicable,unclear,Not available,Not available,Not applicable,Clinical annotation,Dataset class labels; provenance not available in supplied extract,Not available,2 | 5 | 6,Abstract | Figure 1 / workflow text | Results section snippet,Dataset: Not available; availability: Not available; pairing: Not applicable; ground truth: Clinical annotation.,Partial text,Full-text article or supplied publisher text,10.1016/j.bspc.2024.106117
6,A deep learning approach for brain tumor classification using MRI images,Cheng et al. brain tumor dataset (Figshare 1512427),Public,Real,"233 patients; 3,064 T1-weighted contrast-enhanced MRI scans",Not available,512 × 512 pixels; voxel spacing 0.49 × 0.49 mm²,Not applicable,Not available,Not applicable,unclear,T1-weighted enhanced MRI,Contrast-enhanced T1-weighted,Not applicable,Clinical annotation,Tumor class labels from Cheng et al. dataset,Not available,6 | 6,Dataset section snippet | Dataset section snippet,Dataset: Real; availability: Public; pairing: Not applicable; ground truth: Clinical annotation.,Partial text,Full-text article or supplied publisher text,10.1016/j.compeleceng.2022.108105
7,Automatic deep learning-based myocardial infarction segmentation from delayed enhancement MRI,University Hospital of Dijon DE-MRI dataset,Not available,Real,195 DE-MRI examinations; approximately 7 slices/exam; paper abstract reports evaluation on 904 DE-MRI slices,Not available,Not available,Same-grid infarct/myocardium segmentation mask,1.5 T and 3 T,Not applicable,standard/high-field only,"T1-weighted Phase Sensitive Inversion Recovery (PSIR), short-axis DE-MRI",Delayed gadolinium enhancement,Not applicable,Clinical annotation,Manual myocardium/infarction/no-reflow contours by medical experts,Real 1.5 T and 3 T clinical data; no ≤64 mT data,5 | 2 | 2,Dataset section snippet | Abstract | Introduction/Fig. 1,Dataset: Real; availability: Not available; pairing: Not applicable; ground truth: Clinical annotation.,Partial text,Full-text article or supplied publisher text,10.1016/j.compmedimag.2021.102014
8,Deep learning methods for automatic evaluation of delayed enhancement-MRI. The results of the EMIDEC challenge,EMIDEC challenge dataset,Public,Real,150 patients/exams: 50 non-infarct and 100 myocardial-infarction cases,Challenge training/test details not available in supplied extract; results refer to final challenge test phase,Not available,Same-grid segmentation masks / exam-level class label,Not available,Not applicable,unclear,Kinetic cardiac MRI and delayed-enhancement MRI,Delayed enhancement after contrast agent,Not applicable,Clinical annotation,Manual myocardium/infarct annotations and pathological/non-pathological exam labels,Not available,2 | 4 | 1,Abstract | DE-MRI and clinical information | Highlights,Dataset: Real; availability: Public; pairing: Not applicable; ground truth: Clinical annotation.,Partial text,Full-text article or supplied publisher text,10.1016/j.media.2022.102428
9,Deep learning-based super-resolution gradient echo imaging of the pancreas: Improvement of image quality and reduction of acquisition time,Single-centre pancreatic MRI cohort,Not reported,Real,50 patients; 50 pancreatic lesions,Not applicable (retrospective paired image-quality comparison; no study-model training split reported),VIBESTD/VIBESR voxel size 1.19 × 1.19 × 3 mm³,Not applicable (no separate measured HR target; VIBESR and VIBESTD have same reported voxel size),1.5 T,1.5 T,standard/high-field only,T1-weighted 3D gradient-echo VIBE,"Precontrast, dynamic contrast-enhanced, postcontrast",Paired by construction,Measured same-subject reference,Standard VIBE reconstruction (VIBESTD) as same-exam comparator,"Real 1.5 T data only; acquisition-time reduction was simulated retrospectively, not low-field MRI",1 | 3 | 1,Abstract | Table 2 | Abstract,Dataset: Real; availability: Not reported; pairing: Paired by construction; ground truth: Measured same-subject reference.,Full text,Full-text article or supplied publisher text,10.1016/j.diii.2022.06.006
10,Super-resolution and denoising of 4D-Flow MRI using physics-Informed deep neural nets,Numerical phantoms plus in-vitro pulsatile-flow MRI experiments,Not available,Mixed,Not available,Not applicable / Not available,Exact input grid not available; paper reports simulated low-resolution 4D-Flow MRI and SR factors,High-resolution DNN sampling / high-resolution PIV reference; exact grid not available,Not available,Not available,unclear,4D-Flow MRI (time-resolved 3D phase-contrast MRI),Magnitude plus velocity/phase information,Paired by construction,Simulation/reference model,Numerical phantom truth and high-resolution particle image velocimetry (PIV) for in-vitro validation,"No real low-field evidence; simulated low-resolution 4D-Flow data are used, field strength unavailable",2 | 2,Abstract | Abstract,Dataset: Mixed; availability: Not available; pairing: Paired by construction; ground truth: Simulation/reference model.,Partial text,Full-text article or supplied publisher text,10.1016/j.cmpb.2020.105729
11,Super-resolution of brain MRI images based on denoising diffusion probabilistic model,Amsterdam Open MRI Collection (open T1-weighted and diffusion-weighted brain MRI datasets),Public,Real,"928 healthy adults; 27,840 T1 slices; 18,360 diffusion-weighted slices","T1: 26,460 training, remainder validation/testing; DWI: 18,260 training, remainder validation/testing; validation/test subdivision not reported",16 × 16 synthetic low-resolution images,128 × 128 original high-resolution images,Not reported,Not reported,not reported,T1-weighted MRI; diffusion-weighted MRI,T1-weighted; diffusion-weighted (multiple diffusion gradients),Paired by construction,Synthetic degradation/proxy,Original measured 128 × 128 MRI slices; LR images generated by bicubic downsampling,Simulated/downsampled MRI data; scanner field strength not reported,2 | 2 | 3 | 8,§3.1 Data | §3.1 Data | Implementation | Data availability,Dataset: Real; availability: Public; pairing: Paired by construction; ground truth: Synthetic degradation/proxy.,Full text,Full-text article or supplied publisher text,10.1016/j.bspc.2023.104901
12,Fine-tuning deep learning model parameters for improved super-resolution of dynamic MRI with prior-knowledge,CHAOS abdominal MRI benchmark + subject-specific 3 T dynamic MRI,Mixed,Mixed,CHAOS: 40 subjects / 80 volumes (in-phase and opposed-phase); test/generalisation: 3 healthy subjects with static and 10-time-point pseudo-dynamic acquisitions,CHAOS main training/validation 70:30; each of 3 subjects used subject-specific static fine-tuning and dynamic inference,"Artificial LR at 25%, 10%, and 6.25% of k-space; subject HR resolutions 1.09 × 1.09 × 4 mm (subjects 1–2) and 1.36 × 1.36 × 4 mm (subject 3)",Measured HR ground truth at the corresponding 3 T acquisition resolution,3 T for subject-specific dynamic evaluation; CHAOS field strength not reported in article table,3 T for subject-specific dynamic evaluation,standard/high-field only,CHAOS T1 dual in-/opposed-phase; subject T1w FLASH 3D,T1-weighted,Paired by construction,Measured high-resolution reference,Original high-resolution CHAOS/static/dynamic MRI before k-space undersampling,Simulated low-resolution from standard/high-field MRI; no ≤64 mT acquisition,3 | 3 | 7,Table 1 | §2.1 Data | Results,Dataset: Mixed; availability: Mixed; pairing: Paired by construction; ground truth: Measured high-resolution reference.,Full text,Full-text article or supplied publisher text,10.1016/j.artmed.2021.102196
13,3D-MRI super-resolution reconstruction using multi-modality based on multi-resolution CNN,Not available,Not available,Not available,Not available,Not available,Not available,Not available,Not available,Not available,unclear,T1-weighted and T2-weighted MRI,T1w auxiliary prior; T2w LR input/HR output,Paired by construction,Synthetic degradation/proxy,HR T2w target paired to LR T2w; exact LR construction not available in supplied extract,Not available,2 | 2 | 6,Method | Results/Conclusion | Network parameter setting snippet,Dataset: Not available; availability: Not available; pairing: Paired by construction; ground truth: Synthetic degradation/proxy.,Partial text,Full-text article or supplied publisher text,10.1016/j.cmpb.2024.108110
14,Super-resolution reconstruction of knee magnetic resonance imaging based on deep learning,IDI public knee MRI dataset,Public,Not available,Not available,Not available,Not available,Not available,Not available,Not available,unclear,Knee MRI; sequence not available,Not available,Paired by construction,Synthetic degradation/proxy,High-resolution reference images used for SR testing; exact LR construction not available,Not available,2 | 6 | 2,Abstract/Results | Experimental settings | Abstract,Dataset: Not available; availability: Public; pairing: Paired by construction; ground truth: Synthetic degradation/proxy.,Partial text,Full-text article or supplied publisher text,10.1016/j.cmpb.2019.105059
15,Deep learning super-resolution reconstruction for fast and high-quality cine cardiovascular magnetic resonance,Prospective 3 T cine CMR cohort,Not reported,Mixed,"30 participants: 20 healthy volunteers, 10 patients","Not applicable for evaluation cohort; vendor SR network pretrained on ~740,000 pairs and trained on >6 million low/high-resolution pairs",cineDL acquired 2.98 × 3.00 mm² in-plane; reconstructed 1.04 × 1.04 mm²; 8-mm slice thickness,cineNR acquired 1.89 × 1.96 mm² in-plane; reconstructed 1.04 × 1.04 mm²; 8-mm slice thickness,3.0 T,3.0 T,standard/high-field only,Balanced steady-state free precession (bSSFP) cine CMR; short-axis and long-axis views,bSSFP cine,Paired,Measured same-subject reference,Prospectively acquired normal-resolution cineNR scans from the same participants,"Real 3 T low-spatial-resolution acquisition, not low-field MRI",1 | 3 | 3 | 3-4,Abstract | CMR protocol / SR network | SR reconstruction | Objective/Subjective image analysis,Dataset: Mixed; availability: Not reported; pairing: Paired; ground truth: Measured same-subject reference.,Full text,Full-text article or supplied publisher text,10.1007/s00330-024-11145-0
16,Convolutional Neural Network-based Enhancement Method of 3D MRI,BrainWeb simulated 3D MRI database,Public,Synthetic/derived,48 3D image volumes used for training; one BrainWeb volume described for practical evaluation,Not reported,"Synthetic LR generated from 1-mm slice-select resolution HR volume by factors 2, 3, and 4, with added noise",Original 1-mm voxel-resolution 3D volume,Not reported,Not reported,not reported,3D brain MRI; sequence/contrast not reported,Not reported,Paired by construction,Simulation/reference model,Original BrainWeb simulated 3D MRI volume,Simulated/downsampled MRI data; no real low-field data,3 | 3 | 3,§IV-A Process of Training Set | Experiments | Experiments,Dataset: Synthetic/derived; availability: Public; pairing: Paired by construction; ground truth: Simulation/reference model.,Full text,Full-text article or supplied publisher text,10.1109/icrest51555.2021.9331123
17,"Cerebrovascular super-resolution 4D Flow MRI - Sequential combination of resolution enhancement by deep learning and physics-informed image processing to non-invasively quantify intracranial velocity, flow, and relative pressure",Patient-specific in-silico cerebrovascular CFD cohort + in-vivo 4D-Flow MRI volunteer cohort,Private,Mixed,"4 in-silico models (Subjects 1, 2, 3a, 3b); 8 healthy in-vivo volunteers","In-silico: Subjects 1–2 training, Subject 3a validation, Subject 3b testing","Synthetic LR/HR pairs: 1.5/0.75, 1.0/0.5, 0.75/0.375 mm isotropic; in-vivo acquired at 1.1 and 0.8 mm isotropic","Synthetic targets 0.75, 0.5, 0.375 mm; in-vivo SR outputs 0.55 and 0.4 mm",3 T for in-vivo cohort; synthetic CFD training has no scanner field,3 T for in-vivo acquired reference comparisons,standard/high-field only,4D Flow MRI; T1-weighted and TOF MRI used in patient-specific model construction,Phase-contrast 4D-Flow magnitude/velocity; T1w/TOF anatomical data,Paired by construction,Simulation/reference model,High-resolution CFD flow/pressure fields for in-silico training/testing; paired higher-resolution in-vivo acquisitions for comparison,Simulated low-spatial-resolution data plus real 3 T data; no real ≤64 mT MRI,3 | 4 | 8 | 3,Fig. 2 | §2.2.2 | Fig. 5 caption | §2.1.1,Dataset: Mixed; availability: Private; pairing: Paired by construction; ground truth: Simulation/reference model.,Full text,Full-text article or supplied publisher text,10.1016/j.media.2023.102831
18,Deep Learning based Early Detection of Alzheimer’s Disease using Image Enhancement Filters,Kaggle Alzheimer's 4-class image dataset,Public,Not reported,"Unclear: text states 1,279 MRI scans, but reported class counts (1,075 + 76 + 2,560 + 2,358) total 6,069",80% train / 20% test; 30% of training set used as validation_split during model training,208 × 176 pixels (JPG images),Not applicable,Not reported,Not applicable,not reported,Not reported,Not reported,Not applicable,Clinical annotation,"Kaggle dementia class labels (Mild, Moderate, Non-Demented, Very Mild); clinical provenance not reported",Neither real low-field nor low-field simulation reported,2 | 2 | 4,§III Dataset | §III Dataset | Reference [8],Dataset: Not reported; availability: Public; pairing: Not applicable; ground truth: Clinical annotation.,Full text,Full-text article or supplied publisher text,10.1109/icaect57570.2023.10117880
19,Deep Learning-based Method for Denoising and Image Enhancement in Low-Field MRI,TCIA PROSTATEx; Prostate-3T; Prostate Fused-MRI-Pathology; Prostate-Diagnosis; Prostate-MRI; Promaxo low-field phantom/human data,Mixed,Mixed,Stage-2 training: 429 PROSTATEx + 57 Prostate-3T image series; independent test: 960 2D slices from 11 T1/T2 series; real low-field sample count Not reported,Training data from TCIA; independent test set explicitly separate from training/testing/validation; validation proportion Not reported,Not reported,Not reported,Simulated Promaxo-specific low-field inputs; real evaluation at 60–67 mT; high-field source images at 1.5 T/3 T,1.5 T/3 T source images used as high-quality references for simulated pairs,mixed,T1; T2; proton density; diffusion-weighted; dynamic contrast-enhanced MRI,T1/T2/PD/DWI/DCE,Paired by construction,Synthetic degradation/proxy,Original high-field TCIA image paired with scanner-specific simulated low-field image,Mixed — model trained on simulated low-field-like data derived from 1.5/3 T images and applied to real 60–67 mT phantom/human scans,"1,3,4",Abstract; Training and testing; Table II,Dataset: Mixed; availability: Mixed; pairing: Paired by construction; ground truth: Synthetic degradation/proxy.,Full text,Full-text article or supplied publisher text,10.1109/ist50367.2021.9651441
20,Deep Transfer Learning-Based Multi-Modal Digital Twins for Enhancement and Diagnostic Analysis of Brain MRI Image,Whole Brain Atlas examples; knee MRI enhancement experiment; six multimodal image-fusion groups,Not reported,Real,Six multimodal image groups were evaluated; knee subject/sample count Not reported,Not reported,Not reported,Not reported,Not reported,Not reported,not reported,MRI enhancement plus MRI-SPECT/MRI-PET fusion; knee MRI acquisition details not fully specified,MRI; MRI-SPECT; MRI-PET; specific MRI contrast Not reported,Not reported,Not reported,Not reported,Neither real low-field nor simulated low-field data are reported,"1,9,10",Affiliations; Experimental setting; Subjective evaluation,Dataset: Real; availability: Not reported; pairing: Not reported; ground truth: Not reported.,Full text,Full-text article or supplied publisher text,10.1109/tcbb.2022.3168189
21,MRI super-resolution using similarity distance and multi-scale receptive field based feature fusion GAN and pre-trained slice interpolation network,IXI dataset; BraTS dataset,Not reported,Mixed,IXI: approximately 600 healthy scans available; 503 selected for experiments; BraTS sample size Not reported in supplied export,IXI: 80:20 train:test; BraTS split Not reported,Three consecutive low-resolution slices; 2× in-plane/out-of-plane scale; absolute LR voxel size Not reported,IXI original/target sagittal images 256 × 256; original volume approximately 256 × 256 × 150,Not reported,Not reported,not reported,T1-weighted MRI explicitly reported for IXI; BraTS modalities not fully reported in supplied export,T1-weighted (IXI); other BraTS contrast Not reported,Unclear,Unclear,Original high-resolution IXI/BraTS images used as reference; exact LR-generation text is incomplete in supplied export,Simulated/downsampled conventional MRI; no real low-field acquisition reported,"1,2,7",Abstract; Dataset description; experiments,Dataset: Mixed; availability: Not reported; pairing: Unclear; ground truth: Unclear.,Full text,Full-text article or supplied publisher text,10.1016/j.mri.2024.04.021
22,Pushing the limits of low-cost ultra-low-field MRI by dual-acquisition deep learning 3D superresolution,HCP S1200 high-field training source plus real 0.055 T volunteer/patient MRI,Mixed,Mixed,HCP: 1248 T1W and 1182 T2W training datasets; 268 validation and 200 testing datasets; real 0.055 T: 30 healthy volunteers and 8 patients (10 healthy used for reproducibility subset),HCP training/validation/testing sets explicitly separated; real volunteer/patient cohorts used for prospective application/validation,3 mm isotropic for real 0.055 T dual acquisitions,1.5 mm isotropic synthetic super-resolution target/output,0.055 T real ULF; training inputs synthesized to ULF characteristics from 3 T HCP data,0.055 T-derived 1.5-mm SR output; 3 T MRI used as high-field reference/comparison,low-field → low-field,3D inversion FSE (T1W); 3D FSE (T2W),T1-weighted; T2-weighted,Paired by construction,Synthetic degradation/proxy,HCP high-resolution 3 T brain MRI used to synthesize paired ULF training data; 3 T same-subject MRI used for real-data comparison,Mixed — training uses synthesized 0.055 T-like data from 3 T HCP; model is applied to real 0.055 T volunteers/patients,"1,3,5,6",Abstract; Training data; Acquisition; patient evaluation,Dataset: Mixed; availability: Mixed; pairing: Paired by construction; ground truth: Synthetic degradation/proxy.,Full text,Full-text article or supplied publisher text,10.1002/mrm.29642
23,Joint B0B0​ and Image Reconstruction in Low-Field MRI by Physics-Informed Deep-Learning,fastMRI 3 T knee source data transformed into simulated ~50 mT low-field experiments,Public,Synthetic/derived,1260 training; 360 validation; 180 testing images,70% training / 20% validation / 10% testing,Not reported,Not reported,"Approximately 50 mT, retrospectively simulated from 3 T knee MRI",Approximately 50 mT reconstructed image/field-map target,low-field → low-field,3D single-coil spin-echo knee MRI,Not reported,Paired by construction,Simulation/reference model,3 T fastMRI knee image plus simulated smooth B0 field maps/noise model,Simulated/downsampled high-field data only; no measured low-field MRI,"1,5,6",Abstract; Simulation Training Data; experiments,Dataset: Synthetic/derived; availability: Public; pairing: Paired by construction; ground truth: Simulation/reference model.,Full text,Full-text article or supplied publisher text,10.1109/tbme.2024.3396223
24,Multi-Contrast Super-Resolution MRI Through a Progressive Network,IXI; NAMIC brain multimodality datasets,Public,Mixed,"IXI: 7000 T2-PD pairs from 56 subjects training, 1955 pairs from 16 subjects testing; NAMIC: 1620 T2-T1 pairs from 18 subjects training, 180 pairs from 2 subjects testing",Dataset-specific training/test subject splits; IXI additionally reports 10-fold cross-validation,"2×, 3×, and 4× downsampled T2 inputs from original 256 × 256 HR images; patch training 64 × 64",256 × 256 high-resolution T2 target,Not reported,Not reported,not reported,T2-weighted super-resolution with PD or T1 high-resolution reference contrast,T2 target; PD reference (IXI); T1 reference (NAMIC),Paired by construction,Synthetic degradation/proxy,Original high-resolution T2 image; registered PD/T1 same-subject images provide multi-contrast reference information,Simulated/downsampled conventional MRI; no real low-field acquisition reported,"5,10",Dataset description; reader study,Dataset: Mixed; availability: Public; pairing: Paired by construction; ground truth: Synthetic degradation/proxy.,Full text,Full-text article or supplied publisher text,10.1109/tmi.2020.2974858
25,FA-GAN: Fused attentive generative adversarial networks for MRI image super-resolution,"Four MRI datasets covering cardiac, brain, knee and whole-heart/multimodal experiments",Not reported,Mixed,50 3D MRI samples selected: 40 training (3200 2D images) and 10 validation (960 2D images); abstract calls 10 sets 'test'; an additional independent 10-sample test is also described,"Unclear — Methods reports 40 train/10 validation plus independent tests, whereas the abstract describes 40 train/10 test",Low-resolution images generated by bicubic interpolation at multiple scale factors; absolute LR voxel size Not reported,Original high-resolution MRI; absolute voxel size Not reported,Not reported,Not reported,not reported,Multiple MRI datasets/anatomies; specific acquisition sequences not consistently reported,Not reported,Paired by construction,Synthetic degradation/proxy,Original high-resolution MRI corresponding to bicubic-generated low-resolution inputs,Simulated/downsampled conventional MRI; no real low-field acquisition reported,"1,6",Abstract; Experimental setup,Dataset: Mixed; availability: Not reported; pairing: Paired by construction; ground truth: Synthetic degradation/proxy.,Full text,Full-text article or supplied publisher text,10.1016/j.compmedimag.2021.101969
26,Deep learning myocardial infarction segmentation framework from cardiac magnetic resonance images,EMIDEC benchmark MRI dataset,Public,Real,Not available,Not available,256 × 256 pixels after preprocessing resize; original acquisition resolution Not available,256 × 256 segmentation-mask grid after preprocessing,Not available,Not applicable,Not available,Short-axis delayed-enhancement/late-gadolinium-enhancement cardiac MRI,Late gadolinium enhancement (LGE/DE-MRI),Not applicable,Clinical annotation,EMIDEC segmentation labels/ground truth,Not available,1-7,Abstract; Introduction; Methodology snippets; preprocessing,Dataset: Real; availability: Public; pairing: Not applicable; ground truth: Clinical annotation.,Partial text,Full-text article or supplied publisher text,10.1016/j.bspc.2023.105710
27,ShuffleUNet: Super resolution of diffusion-weighted MRIs using deep learning,Not available,Not available,Not available,Not available,Not available,Not available,Not available,Not available,Not available,Not available,Not available,Not available,Not available,Not available,Not available,Not available,1,PDF identity check,Dataset: Not available; availability: Not available; pairing: Not available; ground truth: Not available.,Not available,Full-text article or supplied publisher text,10.23919/eusipco54536.2021.9615963
28,Transfer learning in deep neural network based under-sampled MR image reconstruction,1.5 T MS brain source dataset; OASIS-3 3 T brain; York University cardiac MRI; derived acceleration-factor target domains,Mixed,Mixed,Source: 1407 brain images from 30 MS patients training and 431 images from 8 other MS patients testing; target fine-tuning uses 50–500 images; cardiac dataset acquired from 33 patients,Source-domain train/test explicitly separated; target-domain fine-tuning sizes 50/100/300/500 or 50/200/300/500 depending experiment; 431 target-domain test images for AF 2/6,"256 × 256 images; under-sampled k-space inputs at AF 2, 4, or 6",Fully sampled artifact-free 256 × 256 MR image,1.5 T and 3 T,Same field strength as each corresponding fully sampled reference,standard/high-field only,T2-weighted turbo spin-echo brain MRI; cardiac FIESTA,T2-weighted brain; FIESTA/bSSFP cardiac,Paired by construction,Measured same-subject reference,Fully sampled artifact-free MR image used as label for the corresponding under-sampled input,Neither real low-field nor low-field simulation; conventional 1.5 T/3 T data with synthetic k-space undersampling,"1,3-5",Abstract; Methods; dataset descriptions,Dataset: Mixed; availability: Mixed; pairing: Paired by construction; ground truth: Measured same-subject reference.,Full text,Full-text article or supplied publisher text,10.1016/j.mri.2020.09.018
29,Enhancement of Image Quality in Low-Field Knee MR Imaging Using Deep Learning,Single-center 3 T knee training cohort and independent 0.4 T knee clinical evaluation cohort,Private,Mixed,3 T: 45 patients with knee disorders + 6 normal subjects; 0.4 T: 25 patients with knee disorders,3 T cohort used for model training; separate 0.4 T cohort used for clinical evaluation; no random train/validation/test percentages reported,SR model input 256 × 256 after downsampling/upsampling training preparation; original 0.4 T matrices vary by sequence,448 × 448 SR output,Training source 3 T; real deployment/evaluation input 0.4 T,0.4 T-derived enhanced output; 3 T high-quality data used for training reference,mixed,T1WI; T2WI; fat-suppressed T2WI/STIR knee MRI,T1-weighted; T2-weighted; fat-suppressed T2/STIR,Paired by construction,Synthetic degradation/proxy,High-resolution 3 T knee MRI used to construct low-resolution training inputs and corresponding targets,Mixed — model trained on synthetically degraded 3 T images and applied to real 0.4 T clinical MRI,1-4,Abstract; MRI protocol; DL model development,Dataset: Mixed; availability: Private; pairing: Paired by construction; ground truth: Synthetic degradation/proxy.,Full text,Full-text article or supplied publisher text,10.7759/cureus.71277
30,Multisequence 3-T Image Synthesis from 64-mT Low-Field-Strength MRI Using Generative Adversarial Networks in Multiple Sclerosis,Paired 64 mT Hyperfine and 3 T Siemens MS cohort from University of Pennsylvania and NIH; separate validation group,Private,Real,50 participants in main group; 13 participants in validation group,Leave-five-out cross-validation within main group using 10 models; separate 13-participant clinical validation group,64 mT: T1/T2 1.5 × 1.5 × 5 mm; FLAIR 1.6 × 1.6 × 5 mm,3 T: T1-weighted 1 mm isotropic; T2 0.5 × 0.5 × 5 mm or 0.3 × 0.3 × 3 mm; FLAIR high-resolution protocol,64 mT,3 T measured same-subject target/reference,low-field → standard/high-field,T1-weighted; T2-weighted; FLAIR,T1; T2; FLAIR,Paired,Measured same-subject reference,Same-day 3 T MRI from the same participants (main group); clinical 3 T scans for validation group,Real low-field data — portable 64 mT MRI paired with real 3 T data,1-5,Abstract; MRI Scanning Procedures; DL Model; validation,Dataset: Real; availability: Private; pairing: Paired; ground truth: Measured same-subject reference.,Full text,Full-text article or supplied publisher text,10.1148/radiol.233529
31,Evaluation of epilepsy lesion visualisation enhancement in low-field MRI using image quality transfer: a preliminary investigation of clinical potential for applications in developing countries,12-patient paired 0.36 T/1.5 T pediatric epilepsy cohort in Nigeria; public HCP and Leipzig high-field training data,Mixed,Mixed,12 pediatric patients for clinical evaluation; public-training sample count Not reported in this paper,Clinical cohort evaluated as a paired reader-study set; training split not reported in this paper,"Clinical LF/HF axial images: 0.5 mm in-plane, 5 mm slice thickness, 1 mm gap",IQT-enhanced LF output compared with measured 1.5 T high-field reference; exact output voxel grid Not reported,0.36 T real low-field clinical MRI; training LF inputs synthetically generated from high-field data,1.5 T measured same-subject high-field reference; training target is high-resolution high-field image,low-field → standard/high-field,T1-weighted; T2-weighted; FLAIR,T1; T2; FLAIR,Paired,Measured same-subject reference,1.5 T MRI from the same pediatric patients for clinical evaluation; HCP/Leipzig high-field images for training target,Mixed — training uses synthetic LF images derived from high-field datasets; clinical evaluation uses real 0.36 T MRI,"1-4,9",Abstract; Methods; IQT training; radiologist evaluation; Data availability,Dataset: Mixed; availability: Mixed; pairing: Paired; ground truth: Measured same-subject reference.,Full text,Full-text article or supplied publisher text,10.1007/s00234-024-03448-2
32,Deep learning-based single image super-resolution for low-field MR brain images,Public NYU fastMRI brain data plus two real low-field brain scans from healthy volunteers,Mixed,Mixed,"29,059 training image pairs; 10,000 validation pairs; 7,292 test pairs; 190,000 training patches; two real low-field 3D brain scans from two healthy volunteers","Patient-level split from fastMRI; 29,059 training pairs; original 17,292 validation pairs subdivided into 10,000 validation and 7,292 test",64 × 64 pixels for simulated/noisy LR training input; real low-field slices can differ in size,128 × 128 pixels for HR target/output,Training source images acquired at 1.5 T and 3 T then degraded to emulate low field; real test scanner described by O'Reilly et al. as 50 mT,"High-field source-derived/noise-free HR target; SR output is a post-processed low-field image, not a measured high-field scan",mixed,"Training: T1-weighted, T2-weighted and FLAIR; real low-field: turbo spin echo",T1; T2; FLAIR; real low-field TSE contrasts,Paired by construction,Synthetic degradation/proxy,Noise-free 128 × 128 high-resolution image derived from public fastMRI data,Mixed — model training uses simulated low-field-like LR images generated from 1.5/3 T data; testing includes real approximately 50 mT scans,"1,3,5,8-9",Abstract; imaging model; Dataset; low-field acquisition,Dataset: Mixed; availability: Mixed; pairing: Paired by construction; ground truth: Synthetic degradation/proxy.,Full text,Full-text article or supplied publisher text,10.1038/s41598-022-10298-6
33,Deep learning for fast low-field MRI acquisitions,In-house 0.1 T wrist/hand MRI dataset,Private,Real,"10 fully sampled 3D scans for training/validation (8 train, 2 validation); 6 additional retrospective test scans; 6 separate prospective test scans",80% (8 sets) training / 20% (2 sets) validation; 6 retrospective test sets and 6 prospective test sets,Acquired 128 × 115 × 9; zero-filled network input 128 × 128 × 9; voxel size 1.2 × 1.2 × 6.3 mm,Fully sampled 128 × 128 × 9 reconstruction grid after zero filling; voxel size 1.2 × 1.2 × 6.3 mm,0.1 T,0.1 T same-acquisition fully sampled reference,low-field → low-field,3D spoiled gradient echo (GRE),Complex magnitude and phase GRE data,Paired by construction,Measured same-subject reference,Fully sampled 0.1 T acquisition corresponding to retrospectively undersampled input; prospective undersampled acquisitions evaluated separately,Real low-field data at 0.1 T; retrospective and prospectively acquired undersampling are both evaluated,"1-2,7,11",Abstract; Low-field data; Prospective study; Data availability,Dataset: Real; availability: Private; pairing: Paired by construction; ground truth: Measured same-subject reference.,Full text,Full-text article or supplied publisher text,10.1038/s41598-022-14039-7
34,Deep Learning Super-Resolution Reconstruction for Fast and Motion-Robust T2-weighted Prostate MRI,Prospective single-center prostate MRI cohort; proprietary Precise-Image-Net pretraining corpus,Private,Real,109 male participants with suspected prostate cancer; Precise-Image-Net previously trained on 6 million HR/downscaled image pairs,Prospective 109-participant evaluation cohort; training split of the proprietary 6-million-pair corpus Not reported,T2DL acquired 0.6 × 0.7 × 3 mm; T2C 0.46 × 0.51 × 3 mm; T2NC 0.49 × 0.49 × 3 mm,Reconstructed: T2DL 0.16 × 0.16 × 3 mm; T2C 0.16 × 0.16 × 3 mm; T2NC 0.35 × 0.35 × 3 mm,3.0 T,3.0 T,standard/high-field only,T2-weighted turbo spin-echo (Cartesian and non-Cartesian),T2-weighted prostate MRI,Paired,Measured same-subject reference,Standard-resolution Cartesian/non-Cartesian T2-weighted sequences acquired in the same participants,Real high-field clinical data only; no low-field acquisition or low-field simulation,"1-3,9",Abstract; MRI Protocol; DL framework; limitations,Dataset: Real; availability: Private; pairing: Paired; ground truth: Measured same-subject reference.,Full text,Full-text article or supplied publisher text,10.1148/radiol.230427
35,Bridging the gap: improving correspondence between low-field and high-field magnetic resonance images in young people,Paired 64 mT Hyperfine and 3 T Siemens structural MRI in a community sample of young people,Private,Real,70 individuals aged 9–26 years,No study-specific model training split; pretrained SynthSR is applied to the paired cohort,64 mT: 1.6 × 1.6 × 5 mm,3 T: 0.8 × 0.8 × 0.8 mm; SynthSR predicts 1 mm isotropic MP-RAGE-like output,64 mT,3 T measured same-subject reference; SynthSR output is synthetic 1 mm isotropic,low-field → standard/high-field,T1-weighted and T2-weighted structural MRI,T1; T2,Paired,Measured same-subject reference,3 T Siemens scans from the same individuals used for morphometric correspondence comparisons,Real low-field data at 64 mT; current study applies a pretrained SynthSR model rather than training on the cohort,"1,3,12-13",Abstract; MRI acquisition; Data availability; Code availability,Dataset: Real; availability: Private; pairing: Paired; ground truth: Measured same-subject reference.,Full text,Full-text article or supplied publisher text,10.3389/fneur.2024.1339223
36,MRI Super-Resolution With Ensemble Learning and Complementary Priors,NYU fastMRI singlecoil knee dataset,Public,Real,"159 patient scans / 5,744 slices for training+validation; 43 patient scans / 1,500 slices for testing",159 scans split 80% training / 20% validation; independent test: 43 scans,160 × 160 synthetic LR image before PLR enlargement (2-fold degradation from 320 × 320 HR),320 × 320,1.5 T or 3 T source acquisitions; LR generated synthetically from those scans,1.5 T or 3 T measured HR reference,standard/high-field only,Not reported,Proton-density weighted knee MRI,Paired by construction,Measured high-resolution reference,Original measured 320 × 320 fastMRI image; LR counterpart generated by k-space truncation,Simulated/downsampled standard/high-field data; no real low-field acquisition,"2,4,10",Methodology—Down-Sampling; Results—Experimental Implementation; Reference [43],Dataset: Real; availability: Public; pairing: Paired by construction; ground truth: Measured high-resolution reference.,Full text,Full-text article or supplied publisher text,10.1109/tci.2020.2964201
37,SRflow: Deep learning based super-resolution of 4D-flow MRI data,Synthetic cerebrovascular CFD data; in vivo cerebrovascular 4D-flow MRI; in vivo cardiovascular 4D-flow MRI,Private,Mixed,"6 synthetic cerebrovascular subjects; 24 in vivo datasets (21 cardiovascular, 3 cerebrovascular)","Synthetic: three folds, 5 subjects/120 samples train and 1 subject/24 samples validation per fold; in vivo cardiovascular fine-tuning: 17 subjects train and 4 validation; cross-domain evaluation on cerebrovascular data","LR patches: 24×24×12×3 (2×), 16×16×8×3 (3×), 12×12×6×3 (4×); acquired in vivo spatial resolution 0.82 mm isotropic cerebrovascular and 2.1–2.5 mm cardiovascular","HR patch 48×48×24×3; acquired reference spatial resolution 0.82 mm isotropic cerebrovascular, 2.1–2.5 mm cardiovascular; synthetic reference 0.25 mm isotropic",1.5 T Siemens Avanto cardiovascular; 3 T Philips Achieva TX cerebrovascular; synthetic CFD has no scanner field strength,Same measured 1.5 T/3 T high-resolution reference volumes used to construct LR pairs; CFD simulation reference for synthetic data,standard/high-field only,4D-flow MRI / phase-contrast flow MRI,Velocity-encoded phase plus magnitude; no contrast agent,Paired by construction,Mixed reference,Acquired 4D-flow volume is treated as HR reference for in vivo data; CFD velocity field is the synthetic reference,Simulated/downsampled standard/high-field MRI plus CFD simulation; no real low-field MRI,"6-8,12-13",2.4 Datasets; Table 1; 2.5 Data preparation; 3.1-3.2 Experiments; Table 5; Data availability,Dataset: Mixed; availability: Private; pairing: Paired by construction; ground truth: Mixed reference.,Full text,Full-text article or supplied publisher text,10.3389/frai.2022.928181
38,SMORE: A Self-Supervised Anti-Aliasing and Super-Resolution Algorithm for MRI Using Deep Learning,SMORE simulation and acquired-LR experiments (MS T2-weighted; acquired T2 FLAIR; marmoset PD),Not reported,Mixed,14 T2-weighted human images for simulation; 33 acquired T2 FLAIR images; 1 acquired marmoset PD image,Self-supervised subject/image-specific training; conventional train/validation/test split Not reported,Simulation: HR 1×1×1 mm degraded through-plane by factors r=2–6; acquired human LR: 0.828×0.828×4.4 mm; marmoset LR: 0.15×0.15×1 mm,Simulation reference: 1×1×1 mm; acquired human output: 0.828 mm isotropic; marmoset super-resolved output resolution not explicitly quantified in the text reviewed,3 T Philips Achieva for the 14-image simulation source; field strength Not reported for the 33 acquired FLAIR images and marmoset image,3 T for the measured simulation reference; no measured HR target exists for the acquired-LR experiments,Unclear,3D and 2D structural MRI protocols,T2-weighted; T2 FLAIR; proton-density,Mixed,Mixed reference,Original 1 mm isotropic 3 T T2-weighted images for simulated experiments; acquired-LR experiments explicitly have no HR ground truth,Unclear — no real low-field magnetic-field strength is reported for the acquired LR data; 'LR' is spatial-resolution terminology,"1,6,9-12",Footnote; §III-A simulation; §III-B acquired LR; Fig. 9; §III-C marmoset; §III-D time; Discussion,Dataset: Mixed; availability: Not reported; pairing: Mixed; ground truth: Mixed reference.,Full text,Full-text article or supplied publisher text,10.1109/tmi.2020.3037187
39,SMIR: A Transformer-Based Model for MRI super-resolution reconstruction,Human Connectome Project (HCP) T1 MRI subset,Not reported,Not reported,"100 HCP subjects × 40 T1 slices = 4,000 images; testing uses another subject",100 subjects used to form the training dataset; a different additional subject is used for testing; validation split Not reported,"256 × 256 images with retrospectively undersampled k-space at 10%, 20%, 30%, 40%, and 50% radial sampling ratios",256 × 256 fully sampled T1 reference image,3 T customized Siemens Connectome Skyra,3 T customized Siemens Connectome Skyra,standard/high-field only,T1-weighted structural MRI,T1-weighted,Paired by construction,Measured high-resolution reference,Fully sampled 3 T HCP T1 image paired with retrospectively radial-under-sampled reconstruction,Simulated/undersampled 3 T data; no real low-field acquisition,1-3,§II-A Image Acquisition and Processing; radial measurement matrix; §III-A Training and Evaluation,Dataset: Not reported; availability: Not reported; pairing: Paired by construction; ground truth: Measured high-resolution reference.,Full text,Full-text article or supplied publisher text,10.1109/icmipe53131.2021.9698880
40,Autoencoder-Inspired Convolutional Network-Based Super-Resolution Method in MRI,ViewRay 0.35 T volunteer MRI; 4D XCAT phantom; non-medical training images,Not reported,Mixed,"Training: 183 images (91 non-medical, 50 XCAT, 42 MRIs); real-MRI validation/evaluation uses 4 volunteers; XCAT experiment uses 200 virtual phantom images",Training: 91 non-medical + 50 XCAT + 42 MRI images; an additional 5 MRI images are used for a training/test check; multiple volunteer/XCAT datasets are used for evaluation; no validation split reported,"Training LR images are synthetically generated from original images at scale factors f=2–4; real MRI evaluation includes 128×128, 128×120, and 64×64 images",Training reference/original MRI includes 128×128 images; output spatial dimensions scale by the selected SR factor; no separately acquired HR target for real evaluation,0.35 T ViewRay MRIgRT for the real MRI component,0.35 T for original measured MRI used as the training reference; XCAT/non-medical data have no MRI field strength,low-field → low-field,Dynamic multislice 2D TrueFISP and GRASE,Not reported,Paired by construction,Mixed reference,Original images are used as ground truth; LR images are generated from originals. XCAT images provide simulation references.,Uses real 0.35 T low-field MRI and synthetic degradation; 0.35 T is low-field for LMIC scoring but exceeds the 64 mT TR threshold,"1,6-7,10-11",Abstract; §IV-A Experimental Data; §IV-B Training; Table 3; §IV-E/Table 6; Discussion,Dataset: Mixed; availability: Not reported; pairing: Paired by construction; ground truth: Mixed reference.,Full text,Full-text article or supplied publisher text,10.1109/jtehm.2021.3076152
41,A mass correlation based deep learning approach using deep Convolutional neural network to classify the brain tumor,Not available,Not available,Not available,Not available,Not available,Not available,Not applicable,Not available,Not applicable,Not available,Not available,Not available,Not applicable,Not available,Not available,Not available,4-5,ScienceDirect section snippets; Results and discussion,Dataset: Not available; availability: Not available; pairing: Not applicable; ground truth: Not available.,Partial text,Full-text article or supplied publisher text,10.1016/j.bspc.2022.104395
42,Accuracy Enhancement in Detecting Pituitary Tumors using Deep Learning,Crystal Clean Brain Tumor MRI,Not reported,Not reported,"Unclear — paper describes approximately 10,000 images, but reported class counts (5,908 pituitary + 3,066 normal) and split counts total 8,974","Training 8,076 images; validation 763; test 135",Not reported,Not applicable,Not reported,Not applicable,not reported,Not reported,Not reported,Not applicable,Not reported,Dataset class labels (pituitary tumor vs normal); annotation provenance Not reported,Not reported,"1,3-5",Author affiliations; §III-A Dataset; §IV Results,Dataset: Not reported; availability: Not reported; pairing: Not applicable; ground truth: Not reported.,Full text,Full-text article or supplied publisher text,10.1109/icscna58489.2023.10370139
43,A deep convolutional neural network based computer aided diagnosis system for the prediction of Alzheimer's disease in MRI images,"Unclear — Methods identify Alzheimer's Disease Neuroimaging Initiative (ADNI), while the Acknowledgement credits a Kaggle brain-tumor MRI dataset",Unclear,Unclear,Not reported,Not reported,Not reported,Not applicable,1.5 T,Not applicable,standard/high-field only,Structural T1-weighted brain MRI,T1-weighted,Not applicable,Unclear,"Unclear — disease-status/class labels are used, but dataset-source and annotation provenance conflict or are not described",Real 1.5 T MRI is stated in Methods; no real low-field or simulated low-field data are reported,"1,4,9-12",Author affiliations; §3 Material and methods; Results; Acknowledgement,Dataset: Unclear; availability: Unclear; pairing: Not applicable; ground truth: Unclear.,Full text,Full-text article or supplied publisher text,10.1016/j.measurement.2020.108838
44,A Novel Deep Learning Approach for Brain Tumors Classification Using MRI Images,"Kaggle brain tumor MRI dataset combining figshare, SARTAJ and Br35H",Public,Not reported,"3,160 images overall","Unclear — paper states 80%/20% and also reports 2,528 train + 623 test, while class-level counts imply 2,529 train + 631 test; these do not agree",256 × 256 × 3 after preprocessing,Not applicable,Not reported,Not applicable,not reported,Not reported,Not reported,Not applicable,Not reported,"Dataset class labels (glioma, meningioma, no_tumor, pituitary); annotation provenance Not reported",Not reported,"1,5-6,8",Author affiliations; §4.1 Dataset/Table 2; §4.2 Training; Conclusions; Ref. 36,Dataset: Not reported; availability: Public; pairing: Not applicable; ground truth: Not reported.,Full text,Full-text article or supplied publisher text,10.18280/ts.400329
45,Automatic myocardial segmentation in dynamic contrast enhanced perfusion MRI using Monte Carlo dropout in an encoder-decoder convolutional neural network,Cardiac cine training data and dynamic contrast-enhanced first-pass perfusion MRI evaluation data,Not available,Real,"35 DCE perfusion subjects evaluated (14 coronary artery disease, 8 hypertrophic cardiomyopathy, 13 healthy volunteers); training cine dataset size Not available",Not available,Not available,Not applicable,Not available,Not applicable,not available,Cardiac cine MRI for model training; dynamic first-pass perfusion MRI for evaluation,Dynamic contrast-enhanced first-pass perfusion MRI with extracellular contrast agent; cine contrast Not available,Not applicable,Not available,Not available,Not available,2-5,Abstract; Introduction; Methods section snippet; Discussion,Dataset: Real; availability: Not available; pairing: Not applicable; ground truth: Not available.,Partial text,Full-text article or supplied publisher text,10.1016/j.cmpb.2019.105150
