Form_Paper_ID,Title,DOI,Include_In_Final_Corpus,Final_Paper_ID,Exclusion_Category,Exclusion_Reason
1,Active deep neural network features selection for segmentation and recognition of brain tumors using MRI images,10.1016/j.patrec.2019.11.019,True,1,,
2,Brain tumor segmentation in MRI with multi-modality spatial information enhancement and boundary shape correction,10.1016/j.patcog.2024.110553,True,2,,
3,Deep-learning approach with convolutional neural network for classification of maximum intensity projections of dynamic contrast-enhanced breast magnetic resonance imaging,10.1016/j.mri.2020.10.003,True,3,,
4,Improvement of peripheral nerve visualization using a deep learning-based MR reconstruction algorithm,10.1016/j.mri.2021.10.038,True,4,,
5,Enhancement of brain tumor classification from MRI images using multi-path convolutional neural network with SVM classifier,10.1016/j.bspc.2024.106117,True,5,,
6,A deep learning approach for brain tumor classification using MRI images,10.1016/j.compeleceng.2022.108105,True,6,,
7,Automatic deep learning-based myocardial infarction segmentation from delayed enhancement MRI,10.1016/j.compmedimag.2021.102014,True,7,,
8,Deep learning methods for automatic evaluation of delayed enhancement-MRI. The results of the EMIDEC challenge,10.1016/j.media.2022.102428,True,8,,
9,Deep learning-based super-resolution gradient echo imaging of the pancreas: Improvement of image quality and reduction of acquisition time,10.1016/j.diii.2022.06.006,True,9,,
10,Super-resolution and denoising of 4D-Flow MRI using physics-Informed deep neural nets,10.1016/j.cmpb.2020.105729,True,10,,
11,Multi-contrast high-field quality image synthesis for portable low-field MRI using generative adversarial networks and paired data,10.1101/2023.12.28.23300409,False,,Duplicate,"Earlier medRxiv preprint of the peer-reviewed 2025 LowGAN report (DOI 10.1148/radiol.233529); retain the final article, which adds a validation cohort and expanded reported metrics."
12,Super-resolution of brain MRI images based on denoising diffusion probabilistic model,10.1016/j.bspc.2023.104901,True,11,,
13,Fine-tuning deep learning model parameters for improved super-resolution of dynamic MRI with prior-knowledge,10.1016/j.artmed.2021.102196,True,12,,
14,3D-MRI super-resolution reconstruction using multi-modality based on multi-resolution CNN,10.1016/j.cmpb.2024.108110,True,13,,
15,Super-resolution reconstruction of knee magnetic resonance imaging based on deep learning,10.1016/j.cmpb.2019.105059,True,14,,
16,Deep learning super-resolution reconstruction for fast and high-quality cine cardiovascular magnetic resonance,10.1007/s00330-024-11145-0,True,15,,
17,Convolutional Neural Network-based Enhancement Method of 3D MRI,10.1109/icrest51555.2021.9331123,True,16,,
18,"Cerebrovascular super-resolution 4D Flow MRI - Sequential combination of resolution enhancement by deep learning and physics-informed image processing to non-invasively quantify intracranial velocity, flow, and relative pressure",10.1016/j.media.2023.102831,True,17,,
19,Deep Learning based Early Detection of Alzheimer’s Disease using Image Enhancement Filters,10.1109/icaect57570.2023.10117880,True,18,,
20,Deep Learning-based Method for Denoising and Image Enhancement in Low-Field MRI,10.1109/ist50367.2021.9651441,True,19,,
21,Deep Transfer Learning-Based Multi-Modal Digital Twins for Enhancement and Diagnostic Analysis of Brain MRI Image,10.1109/tcbb.2022.3168189,True,20,,
22,Digital Image Enhancement using Conventional Neural Network,10.1109/inocon57975.2023.10100995,False,,Not MRI modality,The study demonstrates generic natural-image SRCNN enhancement and reports no MRI-specific experiment or MRI dataset.
23,MRI super-resolution using similarity distance and multi-scale receptive field based feature fusion GAN and pre-trained slice interpolation network,10.1016/j.mri.2024.04.021,True,21,,
24,Pushing the limits of low-cost ultra-low-field MRI by dual-acquisition deep learning 3D superresolution,10.1002/mrm.29642,True,22,,
25,Joint B0B0​ and Image Reconstruction in Low-Field MRI by Physics-Informed Deep-Learning,10.1109/tbme.2024.3396223,True,23,,
26,Multi-Contrast Super-Resolution MRI Through a Progressive Network,10.1109/tmi.2020.2974858,True,24,,
27,FA-GAN: Fused attentive generative adversarial networks for MRI image super-resolution,10.1016/j.compmedimag.2021.101969,True,25,,
28,Deep learning myocardial infarction segmentation framework from cardiac magnetic resonance images,10.1016/j.bspc.2023.105710,True,26,,
29,ShuffleUNet: Super resolution of diffusion-weighted MRIs using deep learning,10.23919/eusipco54536.2021.9615963,True,27,,
30,Transfer learning in deep neural network based under-sampled MR image reconstruction,10.1016/j.mri.2020.09.018,True,28,,
31,Enhancement of Image Quality in Low-Field Knee MR Imaging Using Deep Learning,10.7759/cureus.71277,True,29,,
32,Multisequence 3-T Image Synthesis from 64-mT Low-Field-Strength MRI Using Generative Adversarial Networks in Multiple Sclerosis,10.1148/radiol.233529,True,30,,
33,Evaluation of epilepsy lesion visualisation enhancement in low-field MRI using image quality transfer: a preliminary investigation of clinical potential for applications in developing countries,10.1007/s00234-024-03448-2,True,31,,
34,Deep learning-based single image super-resolution for low-field MR brain images,10.1038/s41598-022-10298-6,True,32,,
35,Deep learning for fast low-field MRI acquisitions,10.1038/s41598-022-14039-7,True,33,,
36,Deep Learning Super-Resolution Reconstruction for Fast and Motion-Robust T2-weighted Prostate MRI,10.1148/radiol.230427,True,34,,
37,Super resolution using sparse sampling at portable ultra-low field MR,10.3389/fneur.2024.1330203,False,,No AI/DL method,"The full text (Methods, p. 8) explicitly states that FouSR does not rely on deep learning. The review's eligibility scope requires an AI/deep-learning MRI enhancement or super-resolution method."
38,Bridging the gap: improving correspondence between low-field and high-field magnetic resonance images in young people,10.3389/fneur.2024.1339223,True,35,,
39,MRI Super-Resolution With Ensemble Learning and Complementary Priors,10.1109/tci.2020.2964201,True,36,,
40,SRflow: Deep learning based super-resolution of 4D-flow MRI data,10.3389/frai.2022.928181,True,37,,
41,SMORE: A Self-Supervised Anti-Aliasing and Super-Resolution Algorithm for MRI Using Deep Learning,10.1109/tmi.2020.3037187,True,38,,
42,SMIR: A Transformer-Based Model for MRI super-resolution reconstruction,10.1109/icmipe53131.2021.9698880,True,39,,
43,Autoencoder-Inspired Convolutional Network-Based Super-Resolution Method in MRI,10.1109/jtehm.2021.3076152,True,40,,
44,A mass correlation based deep learning approach using deep Convolutional neural network to classify the brain tumor,10.1016/j.bspc.2022.104395,True,41,,
45,Accuracy Enhancement in Detecting Pituitary Tumors using Deep Learning,10.1109/icscna58489.2023.10370139,True,42,,
46,A deep convolutional neural network based computer aided diagnosis system for the prediction of Alzheimer's disease in MRI images,10.1016/j.measurement.2020.108838,True,43,,
47,A Novel Deep Learning Approach for Brain Tumors Classification Using MRI Images,10.18280/ts.400329,True,44,,
48,Automatic myocardial segmentation in dynamic contrast enhanced perfusion MRI using Monte Carlo dropout in an encoder-decoder convolutional neural network,10.1016/j.cmpb.2019.105150,True,45,,
