Paper_ID,DOI,Title,Evidence_Document,Evidence_Source,Rubric_Version,TR_LowFieldDomain,TR_LowFieldDomain_Decision,TR_LowFieldDomain_Evidence_Page,TR_LowFieldDomain_Evidence_Section,TR_LowFieldDomain_Reason,TR_OpenScience,TR_OpenScience_Decision,TR_OpenScience_Evidence_Page,TR_OpenScience_Evidence_Section,TR_OpenScience_Reason,TR_ClinicalEvaluation,TR_ClinicalEvaluation_Decision,TR_ClinicalEvaluation_Evidence_Page,TR_ClinicalEvaluation_Evidence_Section,TR_ClinicalEvaluation_Reason,TR_HardwareAwareness,TR_HardwareAwareness_Decision,TR_HardwareAwareness_Evidence_Page,TR_HardwareAwareness_Evidence_Section,TR_HardwareAwareness_Reason,TR_DataDiversity,TR_DataDiversity_Decision,TR_DataDiversity_Evidence_Page,TR_DataDiversity_Evidence_Section,TR_DataDiversity_Reason,TR_Score
1,10.1016/j.patrec.2019.11.019,Active deep neural network features selection for segmentation and recognition of brain tumors using MRI images,1. Active deep neural network features selection(2).pdf,Article text supplied for verification,LMIC_and_TR_Score_Definitions_2026-08-15,0,No,Not reported,Full text review,"No training/fine-tuning at ≤64 mT is reported. Under the official rule, absence of explicit qualifying evidence is scored No.",0,No,Not reported,Full text review,"No persistent public model/code URL is reported. Under the official rule, absence of explicit qualifying evidence is scored No.",0,No,5-7,Experiments,The paper evaluates algorithmic segmentation/classification benchmarks; no reader assessment or separately defined downstream clinical task is reported.,0,No,5,Implementation,"The article mentions computational hardware or execution, but not explicit minimum inference hardware requirements; the official criterion is No.",0,No,5-7,Experiments,"Multiple BraTS releases are used, but scanner/vendor/multicentre variability or external real-world generalisation is not explicitly analysed.",0
2,10.1016/j.patcog.2024.110553,Brain tumor segmentation in MRI with multi-modality spatial information enhancement and boundary shape correction,2. Brain tumor segmentation in MRI with multi-modality spatial(2).pdf,Article text supplied for verification,LMIC_and_TR_Score_Definitions_2026-08-15,0,No,Not reported,Full text review,"No ≤64 mT training/fine-tuning is reported. Under the official rule, absence of explicit qualifying evidence is scored No.",0,No,Not reported,Full text review,"No persistent public model/code URL is reported. Under the official rule, absence of explicit qualifying evidence is scored No.",0,No,7-13,Experiments,This is segmentation benchmark evaluation without reader assessment or a separately defined downstream clinical task.,0,No,7,§4.1 Experiment preparation,Only training hardware is reported; per protocol this does not qualify as Hardware Awareness.,1,Yes,7-13,§4.2–4.4,"The method is evaluated across three distinct BraTS challenge releases, providing explicit cross-dataset generalisation evidence.",1
3,10.1016/j.mri.2020.10.003,Deep-learning approach with convolutional neural network for classification of maximum intensity projections of dynamic contrast-enhanced breast magnetic resonance imaging,3. Deep learning approach with CNN(2).pdf,Article text supplied for verification,LMIC_and_TR_Score_Definitions_2026-08-15,0,No,2,§2.2,"Training/evaluation uses 3 T data, not ≤64 mT.",0,No,Not reported,Full text review,"No persistent public source-code/model-weight URL is reported. Under the official rule, absence of explicit qualifying evidence is scored No.",1,Yes,"1,4",Abstract; §2.5 Human image interpretation,Two clinical readers independently assessed the same test cases and were compared with CNN performance.,0,No,2,§2.4,"The article mentions computational hardware or execution, but not explicit minimum inference hardware requirements; the official criterion is No.",0,No,2,§2.1–2.3,Single-institution retrospective cohort; no explicit scanner/vendor/external generalisation analysis.,1
4,10.1016/j.mri.2021.10.038,Improvement of peripheral nerve visualization using a deep learning-based MR reconstruction algorithm,4. Improvement of peripheral nerve visualization using a deep learning-based MR reconstruction algorithm - ScienceDirect(2).pdf,Article text supplied for verification,LMIC_and_TR_Score_Definitions_2026-08-15,0,No,Not available,Missing full Methods,"The relevant model-training domain cannot be verified from the partial PDF. Under the official rule, absence of explicit qualifying evidence is scored No.",0,No,Not available,Missing Code Availability/full text,"No accessible persistent model/code URL in the supplied extract. Under the official rule, absence of explicit qualifying evidence is scored No.",1,Yes,2,Abstract,Qualitative clinical-reader assessment directly meets the criterion.,0,No,Not available,Missing full Methods,"Inference/deployment hardware cannot be verified from the partial export. Under the official rule, absence of explicit qualifying evidence is scored No.",1,Yes,2,Abstract,The study prospectively evaluates real clinical data and explicitly analyses multiple acquisition artifacts.,2
5,10.1016/j.bspc.2024.106117,Enhancement of brain tumor classification from MRI images using multi-path convolutional neural network with SVM classifier,5. Enhancement of brain tumor classification from MRI images using multi-path convolutional neural network with SVM classifier - ScienceDirect(2).pdf,Article text supplied for verification,LMIC_and_TR_Score_Definitions_2026-08-15,0,No,Not available,Dataset section inaccessible,"Cannot verify training field strength from supplied partial PDF. Under the official rule, absence of explicit qualifying evidence is scored No.",0,No,Not available,Code availability inaccessible,"No accessible persistent source-code/model-weight URL. Under the official rule, absence of explicit qualifying evidence is scored No.",1,Yes,2,Abstract,Performance is reported for a clearly defined downstream diagnostic classification task (brain tumor type classification).,0,No,6,Results section snippet,"The article mentions computational hardware or execution, but not explicit minimum inference hardware requirements; the official criterion is No.",1,Yes,2,Abstract,Explicit evaluation on two independent MRI datasets and their combination addresses cross-dataset robustness.,2
6,10.1016/j.compeleceng.2022.108105,A deep learning approach for brain tumor classification using MRI images,6. A deep learning approach for brain tumor classification using MRI images - ScienceDirect(2).pdf,Article text supplied for verification,LMIC_and_TR_Score_Definitions_2026-08-15,0,No,Not available,Full acquisition Methods inaccessible,"Field strength/model training domain cannot be verified. Under the official rule, absence of explicit qualifying evidence is scored No.",0,No,Not available,Code availability inaccessible,"No persistent model/code URL can be verified from the supplied export. Under the official rule, absence of explicit qualifying evidence is scored No.",1,Yes,"2,6",Abstract; Dataset,The evaluated output is a defined diagnostic classification task over patient tumor classes.,0,No,Not available,Full Methods inaccessible,"No inference/deployment hardware requirement is accessible. Under the official rule, absence of explicit qualifying evidence is scored No.",1,Yes,6,Dataset section snippet,The real clinical dataset is explicitly multi-centre.,2
7,10.1016/j.compmedimag.2021.102014,Automatic deep learning-based myocardial infarction segmentation from delayed enhancement MRI,7. Automatic deep learning-based myocardial infarction segmentation from delayed enhancement MRI - ScienceDirect(2).pdf,Article text supplied for verification,LMIC_and_TR_Score_Definitions_2026-08-15,0,No,5,Dataset,No model training/fine-tuning at ≤64 mT.,0,No,Not available,Code availability inaccessible,"Persistent public model/code URL cannot be verified. Under the official rule, absence of explicit qualifying evidence is scored No.",0,No,"2,5",Abstract; Dataset,The paper evaluates generic segmentation against expert contours; no reader assessment or distinct downstream clinical task is reported.,0,No,Not available,Full Methods inaccessible,"Inference/deployment hardware cannot be verified. Under the official rule, absence of explicit qualifying evidence is scored No.",1,Yes,"3,5",Introduction; Dataset,The paper explicitly discusses exam variability and evaluates data acquired at both 1.5 T and 3 T.,1
8,10.1016/j.media.2022.102428,Deep learning methods for automatic evaluation of delayed enhancement-MRI. The results of the EMIDEC challenge,8. Deep learning methods for automatic evaluation of delayed enhancement-MRI. The results of the EMIDEC challenge - ScienceDirect(2).pdf,Article text supplied for verification,LMIC_and_TR_Score_Definitions_2026-08-15,0,No,Not available,Acquisition details inaccessible,"≤64 mT training cannot be verified. Under the official rule, absence of explicit qualifying evidence is scored No.",0,No,Not available,Code availability inaccessible,"No persistent public model/code URL can be verified. Under the official rule, absence of explicit qualifying evidence is scored No.",1,Yes,"2,4",Abstract; challenge objectives,The challenge includes a clearly defined downstream clinical classification task: pathological vs non-infarct exam.,0,No,Not available,Team-specific Methods inaccessible,"Inference/deployment hardware cannot be verified. Under the official rule, absence of explicit qualifying evidence is scored No.",0,No,4-5,Dataset/challenge sections,The accessible study description is single-centre and does not explicitly analyse scanner/vendor/multicentre variability.,1
9,10.1016/j.diii.2022.06.006,Deep learning-based super-resolution gradient echo imaging of the pancreas: Improvement of image quality and reduction of acquisition time,9. Deep learning-based super-resolution gradient echo imaging of the pancreas Improvement of image quality and reduction of acquisition t(2).pdf,Article text supplied for verification,LMIC_and_TR_Score_Definitions_2026-08-15,0,No,1,Abstract,No ≤64 mT model training/fine-tuning.,0,No,Not reported,Full text review,"No persistent public code/model URL is reported. Under the official rule, absence of explicit qualifying evidence is scored No.",1,Yes,"1,3-4",Abstract; Image analysis,Blinded radiologist assessment of lesion detectability and diagnostic confidence directly qualifies.,0,No,Not reported,Full text review,"No explicit inference/deployment device or model-size requirement is reported. Under the official rule, absence of explicit qualifying evidence is scored No.",1,Yes,1,Materials and methods,The method is evaluated on real-world clinical acquisitions and lesion cases; this is explicit real-world acquisition evidence.,2
10,10.1016/j.cmpb.2020.105729,Super-resolution and denoising of 4D-Flow MRI using physics-Informed deep neural nets,10. Super-resolution and denoising of 4D-Flow MRI using physics-Informed deep neural nets - ScienceDirect(2).pdf,Article text supplied for verification,LMIC_and_TR_Score_Definitions_2026-08-15,0,No,Not available,Full Methods inaccessible,"Field strength/training domain cannot be verified. Under the official rule, absence of explicit qualifying evidence is scored No.",0,No,Not available,Code availability inaccessible,"No persistent model/code URL can be verified. Under the official rule, absence of explicit qualifying evidence is scored No.",0,No,2,Abstract,No radiologist assessment or downstream clinical task is reported.,0,No,Not available,Full Methods inaccessible,"Inference/deployment hardware cannot be verified. Under the official rule, absence of explicit qualifying evidence is scored No.",0,No,2,Abstract,Physical in-vitro validation is valuable but does not itself demonstrate the specified real-world data-diversity challenges.,0
11,10.1101/2023.12.28.23300409,Multi-contrast high-field quality image synthesis for portable low-field MRI using generative adversarial networks and paired data,11. Multi contrast highfield qualityimage synthesis(2).pdf,Article text supplied for verification,LMIC_and_TR_Score_Definitions_2026-08-15,1,Yes,"2,5",Abstract; Training datasets,"The GAN is trained on real 64 mT inputs, satisfying ≤64 mT exactly.",0,No,6,Data Availability,A future-release statement is not a current persistent public URL to the study code/weights.,1,Yes,"2,6-9",Methods/Results,The model is evaluated on clinically meaningful downstream MS lesion burden and brain morphometry measures.,0,No,Not reported,Full text review,"No explicit inference/deployment device, RAM requirement, model size, or device-tied inference time is reported. Under the official rule, absence of explicit qualifying evidence is scored No.",1,Yes,"2,4-5",Participants; MRI procedures,Two medical centers and two field strengths/scanner types are explicitly represented.,3
12,10.1016/j.bspc.2023.104901,Super-resolution of brain MRI images based on denoising diffusion probabilistic model,12. Super resolution of brain MRI images(2).pdf,Article text supplied for verification,LMIC_and_TR_Score_Definitions_2026-08-15,0,No,1-3,Methods,"No scanner field strength is reported; low resolution is generated by downsampling, not demonstrated ≤64 mT acquisition. Under the official rule, absence of explicit qualifying evidence is scored No.",0,No,8,Data availability,"No persistent public source-code/model-weight URL is provided. Under the official rule, absence of explicit qualifying evidence is scored No.",0,No,4-8,Experiments,Evaluation is image-quality/SR benchmarking without reader assessment or downstream clinical task.,0,No,3,Implementation,The only explicit device context is the experimental/training workstation; no inference/deployment requirement is stated.,0,No,2-8,Methods/Experiments,The paper does not explicitly evaluate scanner/vendor/multicentre variability or external real-world generalisation.,0
13,10.1016/j.artmed.2021.102196,Fine-tuning deep learning model parameters for improved super-resolution of dynamic MRI with prior-knowledge,13. Fine tuning deep learning parameters(2).pdf,Article text supplied for verification,LMIC_and_TR_Score_Definitions_2026-08-15,0,No,3,§2.1 Data,No ≤64 mT training/fine-tuning.,0,No,3,§2.1 footnote,"A persistent public URL exists for the undersampling pipeline, but it is not clearly the source code/model weights of the SR model itself. Under the official rule, absence of explicit qualifying evidence is scored No.",0,No,5-7,Experiments,No radiologist/clinical reader assessment or downstream clinical task is evaluated.,0,No,"4,7",§2.3; Results,"The article reports an execution setup, runtime, memory use, or scanner implementation, but it does not explicitly specify minimum hardware requirements for inference; the official criterion is No.",1,Yes,"1,3",Abstract; §2.1,The study explicitly tests generalisation across acquisition parameter variation.,1
14,10.1016/j.cmpb.2024.108110,3D-MRI super-resolution reconstruction using multi-modality based on multi-resolution CNN,14. 3D-MRI super-resolution reconstruction using multi-modality based on multi-resolution CNN - ScienceDirect(2).pdf,Article text supplied for verification,LMIC_and_TR_Score_Definitions_2026-08-15,0,No,Not available,Dataset section inaccessible,"Field strength/training domain cannot be verified. Under the official rule, absence of explicit qualifying evidence is scored No.",0,No,Not available,Master/accessible export,"The Master records code 'Upon request'; this does not qualify as public Open Science, and no public persistent URL is visible.",0,No,2,Abstract,Image reconstruction metrics/quality only; no reader assessment or downstream clinical task is visible.,0,No,6,Network parameter setting,"The accessible hardware statement describes experiment/training environment, not inference/deployment requirements.",1,Yes,2,Conclusion,Explicit evaluation on another dataset supports external generalisation.,1
15,10.1016/j.cmpb.2019.105059,Super-resolution reconstruction of knee magnetic resonance imaging based on deep learning,15. Super-resolution reconstruction of knee magnetic resonance imaging based on deep learning - ScienceDirect(2).pdf,Article text supplied for verification,LMIC_and_TR_Score_Definitions_2026-08-15,0,No,Not available,Acquisition details inaccessible,"Cannot verify ≤64 mT training. Under the official rule, absence of explicit qualifying evidence is scored No.",0,No,Not available,Code availability inaccessible,"No persistent study-code/model-weight URL can be verified. Under the official rule, absence of explicit qualifying evidence is scored No.",0,No,"2,6",Abstract/Results,No reader assessment or downstream clinical task is reported in the accessible content.,0,No,"2,6",Results; Experimental settings,"The article reports an execution setup, runtime, memory use, or scanner implementation, but it does not explicitly specify minimum hardware requirements for inference; the official criterion is No.",0,No,2-6,Accessible sections,No explicit multicentre/scanner/vendor/motion/external-generalisation analysis is visible.,0
16,10.1007/s00330-024-11145-0,Deep learning super-resolution reconstruction for fast and high-quality cine cardiovascular magnetic resonance,16. Deep learning super-resolution reconstruction for fast and high-quality cine cardiovascular magnetic resonance - Copy(2).pdf,Article text supplied for verification,LMIC_and_TR_Score_Definitions_2026-08-15,0,No,3,CMR protocol,No ≤64 mT training/fine-tuning.,0,No,Not reported,Full text review,"No persistent public study-code/model-weight URL is reported. Under the official rule, absence of explicit qualifying evidence is scored No.",1,Yes,3-4,Objective and Subjective image analysis,Clinical readers assessed subjective image quality; cardiac volumetric/strain endpoints were also compared.,0,No,3,SR reconstruction,"The article reports an execution setup, runtime, memory use, or scanner implementation, but it does not explicitly specify minimum hardware requirements for inference; the official criterion is No.",1,Yes,"1,3-9",Prospective cohort/Results,Prospective real-world acquisition includes both healthy volunteers and patients and evaluates artifacts/clinical metrics.,2
17,10.1109/ICREST51555.2021.9331123,Convolutional Neural Network-based Enhancement Method of 3D MRI,17. Convolutional_Neural_Network-based_Enhancement_Method_of_3D_MRI(2).pdf,Article text supplied for verification,LMIC_and_TR_Score_Definitions_2026-08-15,0,No,3,Experiments,"No measured/model-training field strength at ≤64 mT is reported. Under the official rule, absence of explicit qualifying evidence is scored No.",0,No,Not reported,Full text review,"No persistent public study-code/model-weight URL is reported. Under the official rule, absence of explicit qualifying evidence is scored No.",0,No,3-4,Experiments,Only simulated SR/image-quality evaluation is performed.,0,No,3,Experiments,"The article reports an execution setup, runtime, memory use, or scanner implementation, but it does not explicitly specify minimum hardware requirements for inference; the official criterion is No.",0,No,3-4,Experiments,No real-world scanner/vendor/multicentre/prospective generalisation evaluation is performed.,0
18,10.1016/j.media.2023.102831,"Cerebrovascular super-resolution 4D Flow MRI - Sequential combination of resolution enhancement by deep learning and physics-informed image processing to non-invasively quantify intracranial velocity, flow, and relative pressure",18. Cerebralvascular super resolution 4D flow MRI sequential recombination(2).pdf,Article text supplied for verification,LMIC_and_TR_Score_Definitions_2026-08-15,0,No,4,§2.2.2,No ≤64 mT training/fine-tuning.,1,Yes,3,§2.1.1,Persistent public GitHub URL explicitly includes trained weights.,1,Yes,"1,8-10",Abstract; §3.2,The model is evaluated on clearly defined downstream quantitative cerebrovascular hemodynamic endpoints in in-vivo data.,0,No,3-4,Training setup,Resource text concerns training memory/batch setup; no inference/deployment hardware requirement is reported.,1,Yes,"1,4,8-10",Abstract; §2.2.2; §3.2,The study explicitly transfers from synthetic training to in-vivo acquisition and evaluates multiple acquisition resolutions.,3
19,10.1109/ICAECT57570.2023.10117880,Deep Learning based Early Detection of Alzheimer’s Disease using Image Enhancement Filters,19. Deep_Learning_based_Early_Detection_of_Alzheimers_Disease_using_Image_Enhancement_Filters(2).pdf,Article text supplied for verification,LMIC_and_TR_Score_Definitions_2026-08-15,0,No,Not reported,Full text review,"No field strength or ≤64 mT training is reported. Under the official rule, absence of explicit qualifying evidence is scored No.",0,No,Not reported,Full text review,"The dataset URL is public, but no persistent study source-code/model-weight URL is provided. Under the official rule, absence of explicit qualifying evidence is scored No.",1,Yes,1-4,Abstract/Results,"The evaluated output is a defined disease-stage classification task, which is a downstream clinical task under the supplied rule.",0,No,2,Methods overview,"General computational/deployment statements are given without explicit device, memory, model-size, or device-tied inference requirements.",0,No,2-4,Methods/Results,"Class imbalance is addressed, but the specified scanner/vendor/multicentre/motion/external-generalisation challenges are not evaluated.",1
20,10.1109/IST50367.2021.9651441,Deep Learning-based Method for Denoising and Image Enhancement in Low-Field MRI,20. Deep_Learningbased_Method_for_Denoising_and_Image_Enhancement_in_Low-Field_MRI.pdf,Article text supplied for verification,LMIC_and_TR_Score_Definitions_2026-08-15,0,No,1,Abstract,"Training simulations are scanner-specific but span a reported 60–67 mT real scanner range; the text does not establish that training/fine-tuning was entirely ≤64 mT. Under the official rule, absence of explicit qualifying evidence is scored No.",0,No,Not reported,Code/Data availability review,"No persistent public URL to source code or model weights is provided. Under the official rule, absence of explicit qualifying evidence is scored No.",0,No,4,Results/real low-field examples,"Human images are shown, but no radiologist/clinical-reader assessment or defined downstream clinical task is reported.",0,No,Not reported,Full text review,"No inference/deployment CPU, GPU, memory, model-size, or device-tied execution requirement is reported; general low-field affordability does not qualify.",1,Yes,1,Abstract,The method explicitly models scanner-specific noise/artifacts and is transferred from simulations to real low-field phantom/human acquisitions.,1
21,10.1109/TCBB.2022.3168189,Deep Transfer Learning-Based Multi-Modal Digital Twins for Enhancement and Diagnostic Analysis of Brain MRI Image,21. Deep_Transfer_Learning-Based_Multi-Modal_Digital_Twins_for_Enhancement_and_Diagnostic_Analysis_of_Brain_MRI_Image.pdf,Article text supplied for verification,LMIC_and_TR_Score_Definitions_2026-08-15,0,No,1-13,Full text review,The study does not report training/fine-tuning on ≤64 mT MRI.,0,No,Not reported,Full text review,"No persistent public study code/model URL is reported. Under the official rule, absence of explicit qualifying evidence is scored No.",0,No,9,Subjective evaluation,"Observers are described as image-fusion observers, not radiologists/clinical readers, and no downstream clinical task is evaluated.",0,No,9,Experimental environment,"The article mentions computational hardware or execution, but not explicit minimum inference hardware requirements; the official criterion is No.",0,No,9,Experimental evaluation,"Multiple modality pairs are shown, but scanner/vendor/multicentre/real-world acquisition heterogeneity is not analyzed.",0
22,10.1109/INOCON57975.2023.10100995,Digital Image Enhancement using Conventional Neural Network,22. Digital_Image_Enhancement_using_Conventional_Neural_Network.pdf,Article text supplied for verification,LMIC_and_TR_Score_Definitions_2026-08-15,0,No,1-5,Full text review,MRI appears only in general discussion; there is no ≤64 mT model training.,0,No,5,References,"The persistent URL is a dataset page, not a URL to this study's source code or model weights.",0,No,1-5,Full text review,No qualifying clinical evaluation is present.,0,No,Not reported,Full text review,"No inference/deployment resource requirement is reported. Under the official rule, absence of explicit qualifying evidence is scored No.",0,No,1-5,Full text review,No qualifying MRI data-diversity analysis exists.,0
23,10.1016/j.mri.2024.04.021,MRI super-resolution using similarity distance and multi-scale receptive field based feature fusion GAN and pre-trained slice interpolation network,23. MRI super-resolution using similarity distance and multi-scale receptive field based feature fusion GAN and pre-trained slice.pdf,Article text supplied for verification,LMIC_and_TR_Score_Definitions_2026-08-15,0,No,1-11,Full text review,The work is conventional MRI super-resolution and does not report ≤64 mT training.,0,No,Not reported,Full text review,"No persistent public code/model URL is reported. Under the official rule, absence of explicit qualifying evidence is scored No.",0,No,1-11,Experiments,Evaluation is algorithmic image-quality benchmarking without clinical readers or a downstream clinical task.,0,No,2,Abstract,The paper discusses computational/memory efficiency but does not report deployment/inference hardware requirements.,1,Yes,2,Abstract,"The model is evaluated on two distinct MRI datasets, providing external cross-dataset generalisation evidence.",1
24,10.1002/mrm.29642,Pushing the limits of low-cost ultra-low-field MRI by dual-acquisition deep learning 3D superresolution,24. Pushing the limits of low‐cost ultra‐low‐field MRI by dual‐acquisition deep.pdf,Article text supplied for verification,LMIC_and_TR_Score_Definitions_2026-08-15,1,Yes,1,Methods summary,"The training data are explicitly synthesized for a 0.055 T (55 mT) domain, satisfying the ≤64 mT criterion.",0,No,Not reported,Full text review,"No persistent public source-code/model-weight URL is reported. Under the official rule, absence of explicit qualifying evidence is scored No.",0,No,6,In-vivo evaluation,"Patients were imaged and lesions compared with 3 T, but the paper does not report a qualifying clinical-reader assessment or defined downstream task under the strict TR rule.",0,No,5,Implementation,"The article mentions computational hardware or execution, but not explicit minimum inference hardware requirements; the official criterion is No.",1,Yes,6,In-vivo evaluation,"Synthetic-to-real transfer, age variation, repeated acquisitions, and patient imaging are explicitly evaluated.",2
25,10.1109/TBME.2024.3396223,Joint B0B0​ and Image Reconstruction in Low-Field MRI by Physics-Informed Deep-Learning,25. Joint B0 and Image Reconstruction in Low-Field.pdf,Article text supplied for verification,LMIC_and_TR_Score_Definitions_2026-08-15,1,Yes,5,Simulation Training Data,"The network is trained end-to-end on simulated ~50 mT data, which is below 64 mT.",0,No,Not reported,Full text review,"No persistent public study code/model URL is reported. Under the official rule, absence of explicit qualifying evidence is scored No.",0,No,1-12,Full text review,No reader study or downstream clinical task is reported.,0,No,1-12,Implementation review,No inference/deployment hardware requirement is reported; training hardware alone is excluded.,1,Yes,1,Abstract,"The method explicitly evaluates robustness to noise and B0-field variability, real-world low-field reconstruction challenges.",2
26,10.1109/TMI.2020.2974858,Multi-Contrast Super-Resolution MRI Through a Progressive Network,26. Multi-Contrast_Super-Resolution_MRI_Through_a_Progressive_Network.pdf,Article text supplied for verification,LMIC_and_TR_Score_Definitions_2026-08-15,0,No,5,Dataset description,No field strength at or below 64 mT is reported; low resolution is created by spatial downsampling.,0,No,Not reported,Full text review,"Dataset access references do not provide study source code/model weights. Under the official rule, absence of explicit qualifying evidence is scored No.",1,Yes,10,Reader study,Qualified clinical readers directly assessed super-resolved images.,0,No,1-12,Implementation review,No inference/deployment resource requirement is reported; training hardware does not qualify.,1,Yes,5,Datasets,"The method is evaluated on two independent datasets with different reference contrasts, supporting external generalisation.",2
27,10.1016/j.compmedimag.2021.101969,FA-GAN: Fused attentive generative adversarial networks for MRI image super-resolution,27. FA-GAN Fused attentive generative adversarial networks for MRI.pdf,Article text supplied for verification,LMIC_and_TR_Score_Definitions_2026-08-15,0,No,1-11,Full text review,"Low resolution is created by bicubic interpolation, not ≤64 mT training.",0,No,Not reported,Full text review,"No persistent public study code/model URL is reported. Under the official rule, absence of explicit qualifying evidence is scored No.",0,No,1-11,Experiments,Evaluation is image-quality benchmarking without clinical-reader assessment/downstream clinical task.,0,No,6,Experimental setup,This is experiment/training hardware and is not an inference/deployment requirement.,0,No,6,Experimental setup,"Multiple datasets/anatomies are used, but the paper does not explicitly analyze scanner/vendor/multicentre/real-world variability or external deployment generalisation.",0
28,10.1016/j.bspc.2023.105710,Deep learning myocardial infarction segmentation framework from cardiac magnetic resonance images,28. Deep learning myocardial infarction segmentation framework from cardiac magnetic resonance images - ScienceDirect.pdf,Article text supplied for verification,LMIC_and_TR_Score_Definitions_2026-08-15,0,No,Not available,Acquisition/training details,"Field strength and complete training details are not accessible in the supplied export; ≤64 mT training cannot be established. Under the official rule, absence of explicit qualifying evidence is scored No.",0,No,1-11,Full text export review,"No persistent public code/model URL appears in the accessible content. Under the official rule, absence of explicit qualifying evidence is scored No.",0,No,2,Abstract,Benchmark segmentation performance alone does not satisfy the strict clinical-evaluation criterion.,0,No,1,Highlights,"The article mentions computational hardware or execution, but not explicit minimum inference hardware requirements; the official criterion is No.",0,No,2,Abstract,Accessible evidence shows a single benchmark dataset and no qualifying external/multicentre/generalisation analysis.,0
29,10.23919/EUSIPCO54536.2021.9615963,ShuffleUNet: Super resolution of diffusion-weighted MRIs using deep learning,arXiv:2102.12898 (correct ShuffleUNet article),"Author manuscript retrieved from arXiv and matched by title, authors, and DOI",LMIC_and_TR_Score_Definitions_2026-08-15,0,No,4,Dataset,"Training uses artificially downsampled IXI data acquired at 1.5 T and 3 T, not data at or below 64 mT.",0,No,1-5,Full-text search,The article links the IXI dataset but provides no persistent URL to the study source code or model weights.,0,No,3-4,Evaluation and Results,Evaluation uses image-quality and derived diffusion metrics without radiologist assessment or performance on a defined downstream clinical task.,0,No,2,Implementation,"An Nvidia V100 is reported for training, but minimum hardware requirements for inference are not specified.",1,Yes,"1, 5",Introduction and Conclusion,The study explicitly addresses motion artefacts caused by long diffusion-MRI acquisitions through an accelerated super-resolution workflow.,1
30,10.1016/j.mri.2020.09.018,Transfer learning in deep neural network based under-sampled MR image reconstruction,30. Transfer learning in deep neural network based under-sampled MR image reconstruction.pdf,Article text supplied for verification,LMIC_and_TR_Score_Definitions_2026-08-15,0,No,1,Abstract,"Training/fine-tuning uses 1.5 T and 3 T data, not ≤64 mT.",0,No,Not reported,Full text review,"No persistent public study code/model URL is provided. Under the official rule, absence of explicit qualifying evidence is scored No.",0,No,1-12,Results,Evaluation is reconstruction quality; no clinical-reader assessment or downstream clinical task is reported.,0,No,3,Implementation,The cited GPU/RAM environment is for training/experimentation; no inference/deployment requirement is reported.,1,Yes,1,Abstract,"The study explicitly tests and fine-tunes across scanner field strengths, anatomies, and undersampling factors.",1
31,10.7759/cureus.71277,Enhancement of Image Quality in Low-Field Knee MR Imaging Using Deep Learning,31. Enhancement of Image Quality in Low-Field Knee MR Imaging Using Deep Learning.pdf,Article text supplied for verification,LMIC_and_TR_Score_Definitions_2026-08-15,0,No,1,Abstract,Training is performed on 3 T data; 0.4 T is above the strict 64 mT threshold and is used only for application/evaluation.,0,No,Not reported,Full text review,"No persistent public source-code/model-weight URL is provided. Under the official rule, absence of explicit qualifying evidence is scored No.",1,Yes,1,Abstract,"Two board-certified radiologists evaluated anatomy, noise, abnormality detection, and diagnostic confidence.",0,No,Not reported,Full text review,"No qualifying inference/deployment hardware requirement is reported. Under the official rule, absence of explicit qualifying evidence is scored No.",1,Yes,1,Abstract,The study explicitly evaluates cross-field/scanner transfer on an independent real clinical low-field cohort.,2
32,10.1148/radiol.233529,Multisequence 3-T Image Synthesis from 64-mT Low-Field-Strength MRI Using Generative Adversarial Networks in Multiple Sclerosis,32. Multisequence 3-T Image Synthesis from 64-mT Low-Field-Strength MRI Using.pdf,Article text supplied for verification,LMIC_and_TR_Score_Definitions_2026-08-15,1,Yes,1,Abstract,"LowGAN is trained on paired real 64 mT inputs, meeting the ≤64 mT threshold.",1,Yes,5,Code availability,A persistent public GitHub URL to study source code is provided.,1,Yes,5,Clinical validation,A board-certified neuroradiologist validates image/lesion outputs.,0,No,5,Implementation,"The article reports an execution setup, runtime, memory use, or scanner implementation, but it does not explicitly specify minimum hardware requirements for inference; the official criterion is No.",1,Yes,2,Validation cohort,"Two institutions, heterogeneous high-field protocols, a separate validation cohort, and explicit generalizability testing qualify.",4
33,10.1007/s00234-024-03448-2,Evaluation of epilepsy lesion visualisation enhancement in low-field MRI using image quality transfer: a preliminary investigation of clinical potential for applications in developing countries,33. Evaluation of epilepsy lesion visualisation.pdf,Article text supplied for verification,LMIC_and_TR_Score_Definitions_2026-08-15,0,No,2,IQT training,"The model is trained on synthetic LF derived from high-field data, and the real LF scanner is 0.36 T, above 64 mT.",1,Yes,2,IQT method,A persistent public GitHub URL to the model/code is explicitly provided.,1,Yes,1,Abstract,Seven radiologists directly evaluated tissue differentiation and lesion definition.,0,No,Not reported,Full text review,"No qualifying inference/deployment hardware requirement is reported. Under the official rule, absence of explicit qualifying evidence is scored No.",1,Yes,3,Clinical evaluation,"Real paired LF/HF data in an LMIC clinical setting, multiple lesion types, and reader-expertise effects are explicitly evaluated.",3
34,10.1038/s41598-022-10298-6,Deep learning-based single image super-resolution for low-field MR brain images,34. Deep learning‑based single image super‑resolution for low‑field MR brain images.pdf,Article text supplied for verification,LMIC_and_TR_Score_Definitions_2026-08-15,0,No,5,Dataset/Data preparation,Training uses high-field images computationally degraded to emulate low-field conditions; no training/fine-tuning on measured ≤64 mT data is reported.,0,No,Not reported,Full text review,"The fastMRI URL is a dataset source, not a persistent URL to this study's code/model weights. Under the official rule, absence of explicit qualifying evidence is scored No.",0,No,8,Low-field evaluation,Evaluation is visual/technical in healthy volunteers; no radiologist/clinical-reader study or downstream clinical task is reported.,0,No,8,Training details,Only training hardware/time is reported; it does not qualify as inference/deployment hardware awareness.,1,Yes,5,Dataset/real-data transfer,The model is trained across multiple contrasts/field strengths and explicitly transferred to real low-field acquisitions.,1
35,10.1038/s41598-022-14039-7,Deep learning for fast low-field MRI acquisitions,35. Deep learning for fast low field MRI acquisitions.pdf,Article text supplied for verification,LMIC_and_TR_Score_Definitions_2026-08-15,0,No,1,Abstract,"0.1 T is 100 mT, above the strict ≤64 mT training threshold.",0,No,11,Data availability/References,"Data are on request, and referenced Keras/Gist resources are not this study's public source code/model weights.",0,No,1-11,Results,No clinical-reader evaluation or downstream clinical task is reported.,0,No,3-4,Implementation,Reported GPU is used for model training/experimentation; no inference/deployment requirement is provided.,1,Yes,1,Abstract,Prospective real acquisition and multiple sampling patterns/acceleration factors are explicitly evaluated.,1
36,10.1148/radiol.230427,Deep Learning Super-Resolution Reconstruction for Fast and Motion-Robust T2-weighted Prostate MRI,36. Deep-learning-super-resolution-reconstruction-for-fast-and-motion-robust-t2-weighted-prostate-mri.pdf,Article text supplied for verification,LMIC_and_TR_Score_Definitions_2026-08-15,0,No,2,MRI Protocol,Neither training/fine-tuning nor evaluation is conducted at ≤64 mT.,0,No,Not reported,Full text review,"No persistent public study code/model-weight URL is reported. Under the official rule, absence of explicit qualifying evidence is scored No.",1,Yes,1,Abstract/reader evaluation,Two clinical readers qualitatively evaluated images and PI-RADS diagnostic agreement.,0,No,9,Limitations,"The article reports an execution setup, runtime, memory use, or scanner implementation, but it does not explicitly specify minimum hardware requirements for inference; the official criterion is No.",1,Yes,1,Prospective study,"Prospective real-world clinical acquisition is evaluated, including motion/artifact ratings and same-subject sequence comparisons.",2
37,10.3389/fneur.2024.1330203,Super resolution using sparse sampling at portable ultra-low field MR,37. Super resolution using sparse sampling at portable ultra-low field MR.pdf,Article text supplied for verification,LMIC_and_TR_Score_Definitions_2026-08-15,0,No,1,Abstract,The criterion specifically requires a model trained/fine-tuned on ≤64 mT data; FouSR is a non-AI Fourier algorithm and has no training phase.,0,No,11,Data availability,No persistent public URL to source code/model weights is provided; author-available data do not satisfy Open Science.,1,Yes,1,Abstract,Three experienced MS neurologists assessed WML and anatomical visualization.,0,No,1,Abstract,"The article reports an execution setup, runtime, memory use, or scanner implementation, but it does not explicitly specify minimum hardware requirements for inference; the official criterion is No.",1,Yes,1,Methods/Abstract,"Real portable ULF clinical acquisition, same-day cross-field reference, and lesion evaluation provide real-world diversity evidence.",2
38,10.3389/fneur.2024.1339223,Bridging the gap: improving correspondence between low-field and high-field magnetic resonance images in young people,38. Bridging the gap improving correspondence between low-field and high-field magnetic resonance images in young people.pdf,Article text supplied for verification,LMIC_and_TR_Score_Definitions_2026-08-15,0,No,3,Methods,The current study applies a pretrained SynthSR model; it does not report training or fine-tuning that model on ≤64 mT data.,1,Yes,13,Code statement,A persistent public GitHub URL for the study's data-analysis source code is provided.,0,No,3,Quality control,"Radiologist review is scan quality/incidental-finding screening, not qualitative evaluation of the SR output; morphometric segmentation alone is not sufficient.",0,No,Not reported,Full text review,"No inference/deployment hardware or resource requirement is reported. Under the official rule, absence of explicit qualifying evidence is scored No.",1,Yes,1,Study design,"Real paired cross-field/vendor data, a youth population, and evaluation of a pretrained model outside its original training context provide external generalisation evidence.",2
39,10.1109/TCI.2020.2964201,MRI Super-Resolution With Ensemble Learning and Complementary Priors,39. MRI_Super-Resolution_With_Ensemble_Learning_and_Complementary_Priors.pdf,Article text supplied for verification,LMIC_and_TR_Score_Definitions_2026-08-15,0,No,4,Results—Experimental Implementation,"The model is trained on synthetically degraded data derived from 1.5 T/3 T acquisitions, not data at or below 64 mT.",0,No,1-10,Full-text code/model availability review,"No persistent public URL to this study's source code or model weights is reported. Under the official rule, absence of explicit qualifying evidence is scored No.",0,No,4-10,Results/Discussion,Evaluation is image-reconstruction quality only; no radiologist/clinical-reader assessment or defined downstream clinical task performance is reported.,0,No,4,Experimental Implementation,"The GPU is reported for the experiment/training process. No inference/deployment hardware requirement, model-size requirement, or device-tied inference time is reported; training hardware alone does not qualify.",0,No,4,Experimental Implementation,"Although the dataset contains scans from two field strengths, the study does not analyze scanner/vendor variability, external generalization, motion, multicentre heterogeneity, or another qualifying real-world diversity challenge.",0
40,10.3389/frai.2022.928181,SRflow: Deep learning based super-resolution of 4D-flow MRI data,40. SRflow Deep learning based super-resolution of 4D-flow MRI data.pdf,Article text supplied for verification,LMIC_and_TR_Score_Definitions_2026-08-15,0,No,6-8,Datasets and training/fine-tuning,Training/fine-tuning uses standard/high-field data; no data at or below 64 mT are reported.,0,No,13,Data availability / full-text code review,"The paper gives a data-request route but no persistent public URL to this study's source code or model weights. Under the official rule, absence of explicit qualifying evidence is scored No.",1,Yes,12,§4.2 Global quality evaluation,"The study evaluates a defined downstream hemodynamic visualization task—streamline tracing—on in vivo data, not image quality alone.",0,No,12-13,Table 5; runtime paragraph,"The article reports an execution setup, runtime, memory use, or scanner implementation, but it does not explicitly specify minimum hardware requirements for inference; the official criterion is No.",1,Yes,"6,8",§2.4 Datasets; §3.2 Experiment-2,"The study deliberately evaluates two scanners/vendors, two field strengths, prospective in-vivo cohorts, synthetic-to-real transfer, and cross-anatomy/scanner generalization.",2
41,10.1109/TMI.2020.3037187,SMORE: A Self-Supervised Anti-Aliasing and Super-Resolution Algorithm for MRI Using Deep Learning,41. SMORE_A_Self-Supervised_Anti-Aliasing_and_Super-Resolution_Algorithm_for_MRI_Using_Deep_Learning.pdf,Article text supplied for verification,LMIC_and_TR_Score_Definitions_2026-08-15,0,No,"6,9-10",§III-A-C,"Self-supervised training is explicit on 3 T simulated-source data and on acquired LR data whose field strength is not reported; ≤64 mT training therefore cannot be established. Under the official rule, absence of explicit qualifying evidence is scored No.",0,No,1,Author footnote,The paper explicitly states code is available upon request; the supplied definition says this is not Open Science Yes.,0,No,12,Discussion,The authors explicitly state that the paper has neither task-specific evaluation nor human-observer experiments.,0,No,10-11,§III-D Time Cost,The K80 is explicitly tied to training. Testing time is reported separately without a specified inference device; training hardware alone must not be counted.,1,Yes,9-12,§III-B-C; Discussion,"The method is evaluated on actual acquired LR MRI in addition to simulations, across multiple contrasts/protocols and noise conditions; this constitutes real-world acquisition diversity.",1
42,10.1109/ICMIPE53131.2021.9698880,SMIR: A Transformer-Based Model for MRI super-resolution reconstruction,42. SMIR_A_Transformer-Based_Model_for_MRI_super-resolution_reconstruction.pdf,Article text supplied for verification,LMIC_and_TR_Score_Definitions_2026-08-15,0,No,1-3,Image acquisition/training,"Training and testing use retrospectively undersampled 3 T HCP data, not ≤64 mT data.",0,No,1-6,Full-text code/model availability review,"No persistent public URL to the study source code or model weights is reported. Under the official rule, absence of explicit qualifying evidence is scored No.",0,No,3-5,Experiments,The study reports reconstruction metrics only; there is no radiologist/clinical-reader evaluation or defined downstream clinical task performance.,0,No,3,§III-A Training and Evaluation,"This is the experimental/training machine. No minimum inference/deployment hardware, model size requirement, or device-tied inference time is reported.",0,No,1-5,Experiments,"The study uses a single HCP acquisition platform and simulated sampling ratios; it does not analyze vendor/scanner variation, multicentre generalization, motion, or another qualifying real-world diversity challenge.",0
43,10.1109/JTEHM.2021.3076152,Autoencoder-Inspired Convolutional Network-Based Super-Resolution Method in MRI,43. Autoencoder-Inspired_Convolutional_Network-Based_Super-Resolution_Method_in_MRI.pdf,Article text supplied for verification,LMIC_and_TR_Score_Definitions_2026-08-15,0,No,6,§IV-A/§IV-B,The MRI model component uses 0.35 T (350 mT) data; this is above the official ≤64 mT TR cutoff.,0,No,1-13,Full-text code/model availability review,"URLs/codes mentioned for comparator methods are not a persistent public URL to the study's own source code or model weights. Under the official rule, absence of explicit qualifying evidence is scored No.",0,No,"1,10-11",Abstract; Results/Discussion,"The paper evaluates reconstruction/image-quality and speed, not a radiologist assessment or a clearly evaluated downstream clinical task.",0,No,"1,6,10-11",Abstract; experimental computer setup; Table 6,"The article reports an execution setup, runtime, memory use, or scanner implementation, but it does not explicitly specify minimum hardware requirements for inference; the official criterion is No.",1,Yes,"6,8",§IV-A; experiment discussion,"The experiments include real 0.35 T volunteer acquisitions, dynamic MRI with physiologic motion, multiple MRI sequences, and XCAT motion simulations, explicitly addressing real acquisition conditions.",1
44,10.1016/j.bspc.2022.104395,A mass correlation based deep learning approach using deep Convolutional neural network to classify the brain tumor,44. A mass correlation based deep learning approach using deep Convolutional neural network to classify the brain tumor - ScienceDirect.pdf,Article text supplied for verification,LMIC_and_TR_Score_Definitions_2026-08-15,0,No,4-5,Partial Methods/Results,"Training field strength is not accessible in the supplied partial PDF, so ≤64 mT training cannot be assessed. Under the official rule, absence of explicit qualifying evidence is scored No.",0,No,1-9,Partial full-text/code availability review,"The supplied ScienceDirect print does not expose a complete code/model availability section. Under the official rule, absence of explicit qualifying evidence is scored No.",1,Yes,4-5,Mass-correlation CNN / Results and discussion,The model is evaluated on a defined downstream clinical classification task—brain-tumor class prediction—with performance reported in the Results section.,0,No,4-5,Partial Results/implementation,"Implementation details are incomplete in the supplied print, so inference/deployment hardware requirements cannot be assessed. Under the official rule, absence of explicit qualifying evidence is scored No.",0,No,4-5,Partial dataset/results,"The missing dataset table and acquisition details prevent assessment of scanner/vendor, multicentre, motion, prospective, or other qualifying diversity evidence. Under the official rule, absence of explicit qualifying evidence is scored No.",1
45,10.1109/ICSCNA58489.2023.10370139,Accuracy Enhancement in Detecting Pituitary Tumors using Deep Learning,45. Accuracy_Enhancement_in_Detecting_Pituitary_Tumors_Using_Deep_Learning.pdf,Article text supplied for verification,LMIC_and_TR_Score_Definitions_2026-08-15,0,No,1-6,Full-text field-strength review,"The paper does not report MRI field strength, so training/fine-tuning at ≤64 mT is not established. Under the official rule, absence of explicit qualifying evidence is scored No.",0,No,1-6,Full-text code/model availability review,"No persistent public URL to study source code or model weights is reported. Under the official rule, absence of explicit qualifying evidence is scored No.",1,Yes,3-5,Dataset/Results; Fig. 7,The study evaluates a defined downstream clinical task—pituitary-tumor versus normal MRI classification—and reports confusion-matrix and accuracy results.,0,No,4-5,Model/Conclusion,"The paper gives a general resource-limited suitability claim but does not report inference/deployment CPU/GPU/RAM requirements, model size, or device-tied inference time. This does not meet the strict criterion.",0,No,3-5,Dataset/Results,"Data augmentation is reported, but the study does not evaluate motion, scanner/vendor variability, multicentre heterogeneity, portability, prospective acquisition, or external generalization.",1
46,10.1016/j.measurement.2020.108838,A deep convolutional neural network based computer aided diagnosis system for the prediction of Alzheimer's disease in MRI images,46. A deep convolutional neural network based computer aided diagnosis system for the prediction of Alzheimer’s disease in MRI images.pdf,Article text supplied for verification,LMIC_and_TR_Score_Definitions_2026-08-15,0,No,4,§3 Material and methods,"The model uses explicitly reported 1.5 T MRI, not ≤64 mT training/fine-tuning.",0,No,1-13,Full-text code/model availability review,"No persistent public URL to study source code or model weights is reported. Under the official rule, absence of explicit qualifying evidence is scored No.",1,Yes,8-11,§3.8 classification; Results,"The paper evaluates a defined downstream clinical CAD task—Alzheimer disease classification—and reports accuracy, precision, ROC/AUC and confusion-matrix results.",0,No,9,Results/Fig. 7,"Execution/classification delay is plotted, but no inference device or deployment hardware requirement is reported; therefore the strict criterion is not met.",0,No,4-12,Methods/Results,"The study does not analyze scanner/vendor variation, multicentre data, motion, portability, prospective real-world acquisition, or external generalization.",1
47,10.18280/ts.400329,A Novel Deep Learning Approach for Brain Tumors Classification Using MRI Images,47. A Novel Deep Learning Approach for Brain Tumors Classification Using MRI Images.pdf,Article text supplied for verification,LMIC_and_TR_Score_Definitions_2026-08-15,0,No,1-8,Full-text field-strength review,"MRI field strength is not reported, so ≤64 mT training/fine-tuning cannot be established. Under the official rule, absence of explicit qualifying evidence is scored No.",0,No,1-8,Full-text code/model availability review,"No persistent public URL to the study's source code or model weights is provided; the dataset DOI is not a code/model URL. Under the official rule, absence of explicit qualifying evidence is scored No.",1,Yes,5-6,§4 Experiments and performance analysis,The study evaluates a defined downstream clinical task—four-class brain-tumor classification—and reports class-specific performance and confusion matrices.,0,No,"3,5",Model description; §4.2,"The paper discusses lightweight/mobile deployment and reports the training machine, but gives no inference/deployment hardware requirement, model size in memory, or device-tied inference time. Training hardware cannot qualify.",0,No,5-6,Dataset/Results,"The study uses preprocessing/augmentation but does not evaluate real-world scanner/vendor variability, multicentre heterogeneity, motion, prospective acquisition, portability, or external generalization.",1
48,10.1016/j.cmpb.2019.105150,Automatic myocardial segmentation in dynamic contrast enhanced perfusion MRI using Monte Carlo dropout in an encoder-decoder convolutional neural network,48. Automatic myocardial segmentation in dynamic contrast enhanced perfusion MRI using Monte Carlo.PDF,Article text supplied for verification,LMIC_and_TR_Score_Definitions_2026-08-15,0,No,2-5,Partial Methods/acquisition information,"The training MRI field strength is not available in the supplied partial PDF; ≤64 mT training therefore cannot be assessed. Under the official rule, absence of explicit qualifying evidence is scored No.",0,No,1-9,Partial code/model availability review,"The supplied ScienceDirect export does not expose a complete code/model availability section. Under the official rule, absence of explicit qualifying evidence is scored No.",0,No,2-5,Abstract/Discussion,The paper evaluates myocardium segmentation itself. It does not report radiologist/clinical-reader assessment or performance on a separate downstream clinical task; generic segmentation alone does not satisfy the supplied criterion.,0,No,1-9,Partial implementation details,"The supplied partial PDF omits the implementation/hardware details required to evaluate deployment/inference hardware awareness. Under the official rule, absence of explicit qualifying evidence is scored No.",1,Yes,2-4,Abstract/Introduction,"The study explicitly evaluates cross-domain transfer from cine MRI to DCE perfusion MRI and includes CAD, HCM, and healthy subjects, addressing acquisition/domain heterogeneity and generalization.",1
